"id","user_id","mq1","mq2","mq3","mq4","mq5","mq6","mq7","mq8","mq9","mq10","mq11","mq12","mq13","mq14","mq15","mq16","mq17","mq18","mq19","mq20","mq21","mq22","mq23","mq24","mq25","mq26","mq27","mq28","mq29","mq30","lq1","lq2","lq3","lq4","lq5","lq6","lq7","lq8","lq9","lq10","lq11","lq12","lq13","lq14","lq15","lq16","lq17","lq18","lq19","lq20","lq21","lq22","lq23","lq24","lq25","lq26","cq1","cq2","cq3","cq4","cq5","cq6","cq7","cq8","cq9","cq10","cq11","cq12","cq13","cq14","cq15","cq16","cq17","cq18","cq19","cq20","cq21","cq22","cq23","cq24","cq25","cq26","cq27","cq28","cq29","cq30","cq31","cq32","cq33","cq34","cq35","cq36","cq37","cq38","cq39","cq40","cq41","cq42","cq43","cq44","cq45","cq46","cq47","cq48","cq49","cq50","cq51","cq52","cq53","cq54","cq55","cq56","cq57","cq58","cq59","cq60","name","gender","location","profession"
"335","1",1,4,4,4,1,1,1,1,1,5,1,5,1,5,5,1,5,5,5,5,5,5,1,1,5,1,1,5,1,1,1,1,1,1,1,1,1,1,1,1,1,1,1,1,1,1,1,1,1,1,1,1,1,1,1,1,"no","no","yes","no","no","no","yes","no","no","yes","no","no","no","no","no","no","yes","no","yes","yes","yes","no","no","yes","yes","no","no","yes","no","no","no","no","no","no","yes","no","yes","no","no","no","yes","no","no","no","yes","yes","no","no","no","no","no","yes","no","no","yes","no","no","no","no","yes","test","male","urban","art and entertainment, media"
"336","1",2,5,5,5,2,2,2,2,2,4,2,4,2,4,4,2,4,4,4,4,4,4,2,2,4,2,2,4,2,2,5,5,5,5,5,5,5,5,5,5,5,5,5,5,5,5,5,5,5,5,5,5,5,5,5,5,"yes","no","no","yes","no","no","yes","no","no","yes","no","no","no","no","yes","no","yes","no","yes","no","yes","no","no","yes","yes","no","no","yes","no","no","no","yes","no","no","yes","no","yes","no","no","no","yes","no","no","no","yes","no","no","no","no","no","yes","no","no","yes","no","no","yes","no","no","yes","test","female","urban","art and entertainment, media"
"337","1",1,2,4,4,1,4,4,1,1,1,1,4,1,4,4,1,1,4,1,4,4,4,2,5,5,1,5,4,1,1,1,3,4,1,1,1,1,1,1,1,1,1,1,1,1,1,1,1,1,1,1,1,1,1,1,1,"no","yes","no","no","yes","no","no","no","no","no","no","yes","no","no","no","no","yes","no","yes","yes","no","no","yes","no","no","no","no","no","yes","no","no","no","no","no","no","no","no","yes","no","no","no","no","no","yes","no","no","no","yes","no","no","no","yes","no","no","no","no","no","yes","no","no","test","male","urban","art and entertainment, media"
"338","1",1,4,4,5,1,1,1,1,5,1,5,5,1,5,1,5,4,1,4,1,1,5,1,1,1,1,1,5,5,5,5,5,1,3,1,2,5,2,4,1,5,4,2,3,2,3,4,2,1,2,3,5,4,5,1,2,"no","no","no","no","no","no","yes","no","no","yes","no","no","no","yes","no","no","no","yes","no","yes","yes","no","no","yes","yes","no","no","yes","no","no","no","no","no","no","no","yes","yes","no","no","no","yes","no","no","no","yes","yes","no","no","yes","no","no","no","no","no","yes","no","no","no","no","yes","test","male","urban","art and entertainment, media"
"339","1",1,4,4,1,4,1,1,1,1,5,1,4,4,1,4,1,4,4,5,4,4,4,4,1,4,1,1,4,1,1,4,5,5,5,3,5,5,5,3,5,5,5,1,5,1,5,4,5,5,5,5,5,2,3,5,3,"no","no","yes","no","yes","no","yes","no","no","yes","no","no","no","no","no","no","yes","no","yes","no","yes","no","yes","no","no","no","yes","no","no","no","yes","no","no","yes","no","no","no","no","yes","no","yes","no","yes","no","no","no","yes","no","no","no","no","yes","no","no","no","no","yes","no","yes","no","test","male","rural","art and entertainment, media"
"340","1",2,2,4,1,4,5,5,1,1,1,1,4,5,1,4,2,2,4,1,4,4,4,4,4,4,1,4,4,1,1,1,3,4,2,1,1,5,2,1,5,2,2,1,1,4,2,3,3,5,4,1,4,2,1,2,1,"no","yes","no","no","no","yes","no","no","no","no","yes","no","no","no","no","yes","no","no","yes","yes","no","no","no","yes","yes","no","no","no","no","yes","no","no","no","no","yes","no","yes","no","no","no","yes","no","no","no","no","yes","no","no","no","no","no","no","yes","no","yes","no","no","no","no","yes","test","male","urban","art and entertainment, media"
"341","1",1,1,4,1,4,4,4,1,5,1,5,4,4,1,1,4,1,1,1,1,1,5,4,4,1,1,4,1,4,4,1,2,1,1,1,2,1,5,1,1,1,1,1,1,1,5,5,5,5,5,1,1,1,1,1,5,"no","no","yes","no","no","no","yes","no","no","no","no","no","no","no","yes","no","yes","no","yes","yes","yes","no","no","no","yes","no","no","yes","no","no","no","yes","no","no","no","no","no","no","no","no","yes","no","no","no","yes","no","no","yes","no","yes","no","yes","no","no","no","yes","no","no","yes","no","test","male","urban","art and entertainment, media"
"342","1",1,4,4,1,4,1,1,1,5,5,5,4,4,1,1,4,4,1,4,1,1,5,4,1,1,1,1,1,4,4,1,2,1,1,1,2,1,5,1,3,1,5,1,5,1,5,1,1,1,5,1,5,1,5,1,5,"yes","no","no","yes","no","no","no","no","yes","yes","no","no","no","no","no","no","no","yes","yes","no","yes","no","no","yes","no","yes","no","no","yes","no","no","no","yes","no","yes","no","yes","no","no","no","yes","no","no","yes","no","yes","no","no","no","no","no","no","yes","no","yes","no","no","no","yes","no","test","female","rural","art and entertainment, media"
"343","1",4,4,1,1,4,1,1,4,1,4,1,1,4,1,4,1,4,4,4,4,4,1,4,1,4,4,1,4,1,1,1,1,2,2,2,2,2,2,2,3,3,3,3,3,3,3,3,3,3,3,3,3,3,3,3,3,"no","no","yes","no","no","no","yes","no","no","yes","no","no","yes","no","no","no","yes","no","yes","yes","yes","no","yes","no","yes","no","no","yes","no","no","no","no","no","yes","no","no","no","yes","no","no","yes","no","no","no","yes","no","no","no","no","no","yes","no","no","yes","no","no","yes","no","no","yes","test","male","urban","art and entertainment, media"
"344","1",4,1,1,1,4,4,4,4,1,1,1,1,4,1,4,1,1,4,1,4,4,1,4,4,4,4,4,4,1,1,1,1,1,2,2,2,2,2,2,4,4,4,4,4,4,4,4,4,4,4,4,4,4,4,4,4,"no","yes","no","no","yes","no","no","yes","no","no","no","yes","no","no","no","no","no","no","yes","no","yes","no","no","yes","no","no","no","no","no","no","no","yes","no","no","no","yes","yes","no","no","no","yes","no","yes","no","no","yes","no","no","no","no","no","yes","no","no","yes","no","no","yes","no","no","test","male","rural","art and entertainment, media"
"345","1",4,1,1,1,4,4,4,4,4,1,4,1,4,1,1,4,1,1,1,1,1,1,4,4,1,4,4,1,4,4,1,1,1,1,1,1,1,1,1,4,5,2,3,1,2,2,3,5,2,1,2,3,2,3,3,3,"no","no","yes","no","no","no","yes","no","no","yes","no","no","no","yes","no","no","yes","no","yes","yes","yes","yes","no","no","yes","no","no","no","no","yes","no","no","no","no","yes","no","yes","no","no","no","yes","no","no","no","yes","no","no","yes","no","no","no","yes","no","no","yes","no","no","no","no","yes","test","male","urban","art and entertainment, media"
"346","1",4,4,1,1,4,1,1,4,4,4,4,1,4,1,1,4,4,1,4,1,1,1,4,1,1,4,1,1,4,4,1,1,2,2,2,2,2,2,2,1,1,3,3,2,1,2,1,4,1,2,1,2,3,4,5,4,"no","no","no","no","yes","no","no","no","yes","yes","no","no","no","no","no","no","no","yes","no","yes","yes","no","no","yes","no","no","yes","no","no","no","yes","no","no","no","no","yes","no","no","yes","no","yes","no","no","no","no","yes","no","no","yes","no","no","no","no","yes","no","yes","no","no","no","yes","test","female","urban","art and entertainment, media"
"347","1",4,4,1,4,1,1,1,4,1,4,1,1,1,4,4,1,4,4,4,4,4,1,1,1,4,4,1,4,1,1,1,1,1,2,2,2,2,2,2,5,3,2,3,2,4,4,4,4,1,2,3,4,3,2,3,2,"no","no","yes","no","no","no","yes","no","no","no","no","no","no","no","no","no","yes","no","no","yes","yes","no","yes","no","yes","no","no","yes","no","no","no","no","no","no","yes","no","yes","no","no","no","yes","no","no","no","yes","no","yes","no","no","no","no","yes","no","no","yes","no","no","yes","no","no","test","male","urban","art and entertainment, media"
"348","1",4,1,1,4,1,4,4,4,1,1,1,1,1,4,4,1,1,4,1,4,4,1,1,4,4,4,4,4,1,1,1,1,1,1,2,1,2,1,2,1,1,2,2,1,1,3,4,3,5,5,2,2,1,2,3,4,"yes","no","no","no","no","yes","no","no","yes","yes","no","no","no","yes","no","yes","no","no","yes","yes","yes","no","no","yes","no","yes","no","no","yes","no","no","no","yes","yes","no","no","no","yes","no","no","yes","no","no","yes","no","yes","no","no","no","no","no","no","yes","no","no","no","yes","no","no","no","test","male","urban","art and entertainment, media"
"349","1",4,1,1,4,1,4,4,4,4,1,4,1,1,4,1,4,1,1,1,1,1,1,1,4,1,4,4,1,4,4,1,1,1,1,1,1,1,1,1,1,2,3,4,5,1,2,3,4,2,3,1,2,3,4,2,3,"no","no","yes","yes","no","no","yes","no","no","no","yes","no","no","no","no","no","yes","no","yes","yes","no","no","no","no","yes","no","no","yes","no","no","no","no","no","no","yes","no","yes","no","no","no","yes","no","yes","no","no","no","no","no","no","yes","no","yes","no","no","no","no","no","no","yes","no","test","female","rural","art and entertainment, media"
"350","1",4,4,1,4,1,1,1,4,4,4,4,1,1,4,1,4,4,1,4,1,1,1,1,1,1,4,1,1,4,4,1,1,1,2,2,2,2,2,2,4,1,2,3,4,4,5,1,2,3,4,4,2,2,2,2,2,"no","yes","no","no","yes","no","no","yes","no","no","no","yes","no","no","no","no","no","no","yes","yes","yes","yes","no","no","no","no","yes","no","no","yes","no","yes","no","no","no","no","no","no","yes","no","yes","no","no","no","yes","no","no","yes","no","no","no","yes","no","no","yes","no","no","no","no","yes","test","male","urban","art and entertainment, media"
"351","1",1,4,4,4,1,1,1,1,1,5,1,5,1,5,5,1,5,5,5,5,5,5,1,1,5,1,1,5,1,1,1,1,1,1,1,1,1,1,1,1,1,1,1,1,1,1,1,1,1,1,1,1,1,1,1,1,"no","no","yes","no","no","no","yes","no","no","yes","no","no","no","no","no","no","yes","no","yes","yes","yes","no","no","yes","yes","no","no","yes","no","no","no","no","no","no","yes","no","yes","no","no","no","yes","no","no","no","yes","yes","no","no","no","no","no","yes","no","no","yes","no","no","no","no","yes","test","male","urban","art and entertainment, media"
"352","1",2,5,5,5,2,2,2,2,2,4,2,4,2,4,4,2,4,4,4,4,4,4,2,2,4,2,2,4,2,2,5,5,5,5,5,5,5,5,5,5,5,5,5,5,5,5,5,5,5,5,5,5,5,5,5,5,"yes","no","no","yes","no","no","yes","no","no","yes","no","no","no","no","yes","no","yes","no","yes","no","yes","no","no","yes","yes","no","no","yes","no","no","no","yes","no","no","yes","no","yes","no","no","no","yes","no","no","no","yes","no","no","no","no","no","yes","no","no","yes","no","no","yes","no","no","yes","test","female","urban","art and entertainment, media"
"353","1",1,2,4,4,1,4,4,1,1,1,1,4,2,4,4,1,1,4,1,4,4,4,2,5,5,1,5,4,1,1,1,3,4,1,1,1,1,1,1,1,1,1,1,1,1,1,1,1,1,1,1,1,1,1,1,1,"no","yes","no","no","yes","no","no","no","no","no","no","yes","no","no","no","no","yes","no","yes","yes","no","no","yes","no","no","no","no","no","yes","no","no","no","no","no","no","no","no","yes","no","no","no","no","no","yes","no","no","no","yes","no","no","no","yes","no","no","no","no","no","yes","no","no","test","male","urban","art and entertainment, media"
"354","1",1,4,4,5,1,1,1,1,5,1,5,5,1,5,1,5,4,1,4,1,1,5,1,1,1,1,1,5,5,5,5,5,1,3,1,2,5,2,4,1,5,4,2,3,2,3,4,2,1,2,3,5,4,5,1,2,"no","no","no","no","no","no","yes","no","no","yes","no","no","no","yes","no","no","no","yes","no","yes","yes","no","no","yes","yes","no","no","yes","no","no","no","no","no","no","no","yes","yes","no","no","no","yes","no","no","no","yes","yes","no","no","yes","no","no","no","no","no","yes","no","no","no","no","yes","test","male","urban","art and entertainment, media"
"355","1",1,4,4,1,4,1,1,1,1,5,1,4,4,1,4,1,4,4,5,4,4,4,4,1,4,1,1,4,1,1,4,5,5,5,3,5,5,5,3,5,5,5,1,5,1,5,4,5,5,5,5,5,2,3,5,3,"no","no","yes","no","yes","no","yes","no","no","yes","no","no","no","no","no","no","yes","no","yes","no","yes","no","yes","no","no","no","yes","no","no","no","yes","no","no","yes","no","no","no","no","yes","no","yes","no","yes","no","no","no","yes","no","no","no","no","yes","no","no","no","no","yes","no","yes","no","test","male","rural","art and entertainment, media"
"356","1",2,2,4,1,4,5,5,1,1,1,1,4,5,1,4,2,2,4,1,4,4,4,4,4,4,1,4,4,1,1,1,3,4,2,1,1,5,2,1,5,2,2,1,1,4,2,3,3,5,4,1,4,2,1,2,1,"no","yes","no","no","no","yes","no","no","no","no","yes","no","no","no","no","yes","no","no","yes","yes","no","no","no","yes","yes","no","no","no","no","yes","no","no","no","no","yes","no","yes","no","no","no","yes","no","no","no","no","yes","no","no","no","no","no","no","yes","no","yes","no","no","no","no","yes","test","male","urban","art and entertainment, media"
"357","1",1,1,4,1,4,4,4,1,5,1,5,4,4,1,1,4,1,1,1,1,1,5,4,4,1,1,4,1,4,4,1,2,1,1,1,2,1,5,1,1,1,1,1,1,1,5,5,5,5,5,1,1,1,1,1,5,"no","no","yes","no","no","no","yes","no","no","no","no","no","no","no","yes","no","yes","no","yes","yes","yes","no","no","no","yes","no","no","yes","no","no","no","yes","no","no","no","no","no","no","no","no","yes","no","no","no","yes","no","no","yes","no","yes","no","yes","no","no","no","yes","no","no","yes","no","test","male","urban","art and entertainment, media"
"358","1",1,4,4,1,4,1,1,1,5,5,5,4,4,1,1,4,4,1,4,1,1,5,4,1,1,1,1,1,4,4,1,2,1,1,1,2,1,5,1,3,1,5,1,5,1,5,1,1,1,5,1,5,1,5,1,5,"yes","no","no","yes","no","no","no","no","yes","yes","no","no","no","no","no","no","no","yes","yes","no","yes","no","no","yes","no","yes","no","no","yes","no","no","no","yes","no","yes","no","yes","no","no","no","yes","no","no","yes","no","yes","no","no","no","no","no","no","yes","no","yes","no","no","no","yes","no","test","female","rural","art and entertainment, media"
"359","1",4,4,1,1,4,1,1,4,1,4,1,1,4,1,4,1,4,4,4,4,4,1,4,1,4,4,1,4,1,1,1,1,2,2,2,2,2,2,2,3,3,3,3,3,3,3,3,3,3,3,3,3,3,3,3,3,"no","no","yes","no","no","no","yes","no","no","yes","no","no","yes","no","no","no","yes","no","yes","yes","yes","no","yes","no","yes","no","no","yes","no","no","no","no","no","yes","no","no","no","yes","no","no","yes","no","no","no","yes","no","no","no","no","no","yes","no","no","yes","no","no","yes","no","no","yes","test","male","urban","art and entertainment, media"
"360","1",1,4,4,4,1,1,1,1,1,5,1,5,1,5,5,1,5,5,5,5,5,5,1,1,5,1,1,5,1,1,1,1,1,1,1,1,1,1,1,1,1,1,1,1,1,1,1,1,1,1,1,1,1,1,1,1,"yes","no","yes","no","no","no","yes","no","no","yes","no","no","no","no","no","no","yes","no","yes","no","no","no","no","yes","yes","no","no","yes","no","no","no","no","no","no","yes","no","yes","no","no","no","yes","no","no","no","yes","yes","no","no","no","no","no","yes","no","no","yes","no","no","no","no","yes","test","male","urban","healthcare and medicine"
"361","1",2,5,5,5,2,2,2,2,2,4,2,4,2,4,4,2,4,4,4,4,4,4,2,2,4,2,2,4,2,2,5,5,5,5,5,5,5,5,5,5,5,5,5,5,5,5,5,5,5,5,5,5,5,5,5,5,"yes","yes","no","yes","no","no","yes","no","no","yes","no","no","no","no","yes","no","yes","no","yes","no","no","no","no","yes","yes","no","no","yes","no","no","no","yes","no","no","yes","no","yes","no","no","no","yes","no","no","no","yes","no","no","no","no","no","yes","no","no","yes","no","no","yes","no","no","yes","test","female","urban","healthcare and medicine"
"362","1",1,2,4,4,1,4,4,1,1,1,1,4,1,4,4,1,1,4,1,4,4,4,2,5,5,1,5,4,1,1,1,3,4,1,1,1,1,1,1,1,1,1,1,1,1,1,1,1,1,1,1,1,1,1,1,1,"no","yes","yes","no","yes","no","no","no","no","no","no","yes","no","no","no","no","yes","no","no","no","no","no","yes","no","no","no","no","no","yes","no","no","no","no","no","no","no","no","yes","no","no","no","no","no","yes","no","no","no","yes","no","no","no","yes","no","no","no","no","no","yes","no","no","test","male","urban","healthcare and medicine"
"363","1",1,4,4,5,1,1,1,1,5,1,5,5,1,5,1,5,4,1,4,1,1,5,1,1,1,1,1,5,5,5,5,5,1,3,1,2,5,2,4,1,5,4,2,3,2,3,4,2,1,2,3,5,4,5,1,2,"yes","yes","yes","no","no","no","yes","no","no","yes","no","no","no","yes","no","no","no","yes","no","no","no","no","no","yes","yes","no","no","yes","no","no","no","no","no","no","no","yes","yes","no","no","no","yes","no","no","no","yes","yes","no","no","yes","no","no","no","no","no","yes","no","no","no","no","yes","test","male","urban","healthcare and medicine"
"364","1",1,4,4,1,4,1,1,1,1,5,1,4,4,1,4,1,4,4,5,4,4,4,4,1,4,1,1,4,1,1,4,5,5,5,3,5,5,5,3,5,5,5,1,5,1,5,4,5,5,5,5,5,2,3,5,3,"no","yes","yes","no","yes","no","yes","no","no","yes","no","no","no","no","no","no","yes","no","no","no","yes","no","yes","no","no","no","yes","no","no","no","yes","no","no","yes","no","no","no","no","yes","no","yes","no","yes","no","no","no","yes","no","no","no","no","yes","no","no","no","no","yes","no","yes","no","test","male","rural","healthcare and medicine"
"365","1",2,2,4,1,4,5,5,1,1,1,1,4,5,1,4,2,2,4,1,4,4,4,4,4,4,1,4,4,1,1,1,3,4,2,1,1,5,2,1,5,2,2,1,1,4,2,3,3,5,4,1,4,2,1,2,1,"no","yes","yes","no","no","yes","no","no","no","no","yes","no","no","no","no","yes","no","no","no","no","no","no","no","yes","yes","no","no","no","no","yes","no","no","no","no","yes","no","yes","no","no","no","yes","no","no","no","no","yes","no","no","no","no","no","no","yes","no","yes","no","no","no","no","yes","test","male","urban","healthcare and medicine"
"366","1",1,1,4,1,4,4,4,1,5,1,5,4,4,1,1,4,1,1,1,1,1,5,4,4,1,1,4,1,4,4,1,2,1,1,1,2,1,5,1,1,1,1,1,1,1,5,5,5,5,5,1,1,1,1,1,5,"yes","no","yes","no","no","no","yes","no","no","no","no","no","no","no","yes","no","yes","no","yes","no","no","no","no","no","yes","no","no","yes","no","no","no","yes","no","no","no","no","no","no","no","no","yes","no","no","no","yes","no","no","yes","no","yes","no","yes","no","no","no","yes","no","no","yes","no","test","male","urban","healthcare and medicine"
"367","1",1,4,4,1,4,1,1,1,5,5,5,4,4,1,1,4,4,1,4,1,1,5,4,1,1,1,1,1,4,4,1,2,1,1,1,2,1,5,1,3,1,5,1,5,1,5,1,1,1,5,1,5,1,5,1,5,"yes","yes","no","yes","no","no","no","no","yes","yes","no","no","no","no","no","no","no","yes","no","no","no","no","no","yes","no","yes","no","no","yes","no","no","no","yes","no","yes","no","yes","no","no","no","yes","no","no","yes","no","yes","no","no","no","no","no","no","yes","no","yes","no","no","no","yes","no","test","female","rural","healthcare and medicine"
"368","1",4,4,1,1,4,1,1,4,1,4,1,1,4,1,4,1,4,4,4,4,4,1,4,1,4,4,1,4,1,1,1,1,2,2,2,2,2,2,2,3,3,3,3,3,3,3,3,3,3,3,3,3,3,3,3,3,"no","yes","yes","no","no","no","yes","no","no","yes","no","no","yes","no","no","no","yes","no","yes","no","no","no","yes","no","yes","no","no","yes","no","no","no","no","no","yes","no","no","no","yes","no","no","yes","no","no","no","yes","no","no","no","no","no","yes","no","no","yes","no","no","yes","no","no","yes","test","male","urban","healthcare and medicine"
"369","1",4,1,1,1,4,4,4,4,1,1,1,1,4,1,4,1,1,4,1,4,4,1,4,4,4,4,4,4,1,1,1,1,1,2,2,2,2,2,2,4,4,4,4,4,4,4,4,4,4,4,4,4,4,4,4,4,"yes","yes","no","no","yes","no","no","yes","no","no","no","yes","no","no","no","no","no","no","no","no","yes","no","no","yes","no","no","no","no","no","no","no","yes","no","no","no","yes","yes","no","no","no","yes","no","yes","no","no","yes","no","no","no","no","no","yes","no","no","yes","no","no","yes","no","no","test","male","rural","healthcare and medicine"
"370","1",4,1,1,1,4,4,4,4,4,1,4,1,4,1,1,4,1,1,1,1,1,1,4,4,1,4,4,1,4,4,1,1,1,1,1,1,1,1,1,4,5,2,3,1,2,2,3,5,2,1,2,3,2,3,3,3,"no","yes","yes","no","no","no","yes","no","no","yes","no","no","no","yes","no","no","yes","no","yes","no","no","yes","no","no","yes","no","no","no","no","yes","no","no","no","no","yes","no","yes","no","no","no","yes","no","no","no","yes","no","no","yes","no","no","no","yes","no","no","yes","no","no","no","no","yes","test","male","urban","healthcare and medicine"
"371","1",4,4,1,1,4,1,1,4,4,4,4,1,4,1,1,4,4,1,4,1,1,1,4,1,1,4,1,1,4,4,1,1,2,2,2,2,2,2,2,1,1,3,3,2,1,2,1,4,1,2,1,2,3,4,5,4,"yes","yes","no","no","yes","no","no","no","yes","yes","no","no","no","no","no","no","no","yes","no","no","no","no","no","yes","no","no","yes","no","no","no","yes","no","no","no","no","yes","no","no","yes","no","yes","no","no","no","no","yes","no","no","yes","no","no","no","no","yes","no","yes","no","no","no","yes","test","female","urban","healthcare and medicine"
"372","1",4,4,1,4,1,1,1,4,1,4,1,1,1,4,4,1,4,4,4,4,4,1,1,1,4,4,1,4,1,1,1,1,1,2,2,2,2,2,2,5,3,2,3,2,4,4,4,4,1,2,3,4,3,2,3,2,"yes","yes","yes","no","no","no","yes","no","no","no","no","no","no","no","no","no","yes","no","no","no","yes","no","yes","no","yes","no","no","yes","no","no","no","no","no","no","yes","no","yes","no","no","no","yes","no","no","no","yes","no","yes","no","no","no","no","yes","no","no","yes","no","no","yes","no","no","test","male","urban","healthcare and medicine"
"373","1",4,1,1,4,1,4,4,4,1,1,1,1,1,4,4,1,1,4,1,4,4,1,1,4,4,4,4,4,1,1,1,1,1,1,2,1,2,1,2,1,1,2,2,1,1,3,4,3,5,5,2,2,1,2,3,4,"yes","no","yes","no","no","yes","no","no","yes","yes","no","no","no","yes","no","yes","no","no","yes","no","no","no","no","yes","no","yes","no","no","yes","no","no","no","yes","yes","no","no","no","yes","no","no","yes","no","no","yes","no","yes","no","no","no","no","no","no","yes","no","no","no","yes","no","no","no","test","male","urban","healthcare and medicine"
"374","1",4,1,1,4,1,4,4,4,4,1,4,1,1,4,1,4,1,1,1,1,1,1,1,4,1,4,4,1,4,4,1,1,1,1,1,1,1,1,1,1,2,3,4,5,1,2,3,4,2,3,1,2,3,4,2,3,"no","yes","yes","yes","no","no","yes","no","no","no","yes","no","no","no","no","no","yes","no","yes","no","no","no","no","no","yes","no","no","yes","no","no","no","no","no","no","yes","no","yes","no","no","no","yes","no","yes","no","no","no","no","no","no","yes","no","yes","no","no","no","no","no","no","yes","no","test","female","rural","healthcare and medicine"
"375","1",4,4,1,4,1,1,1,4,4,4,4,1,1,4,1,4,4,1,4,1,1,1,1,1,1,4,1,1,4,4,1,1,1,2,2,2,2,2,2,4,1,2,3,4,4,5,1,2,3,4,4,2,2,2,2,2,"no","yes","yes","no","yes","no","no","yes","no","no","no","yes","no","no","no","no","no","no","no","no","yes","yes","no","no","no","no","yes","no","no","yes","no","yes","no","no","no","no","no","no","yes","no","yes","no","no","no","yes","no","no","yes","no","no","no","yes","no","no","yes","no","no","no","no","yes","test","male","urban","healthcare and medicine"
"376","1",1,4,4,4,1,1,1,1,1,5,1,5,1,5,5,1,5,5,5,5,5,5,1,1,5,1,1,5,1,1,1,1,1,1,1,1,1,1,1,1,1,1,1,1,1,1,1,1,1,1,1,1,1,1,1,1,"yes","no","yes","no","no","no","yes","no","no","yes","no","no","no","no","no","no","yes","no","no","no","yes","no","no","yes","yes","no","no","yes","no","no","no","no","no","no","yes","no","yes","no","no","no","yes","no","no","no","yes","yes","no","no","no","no","no","yes","no","no","yes","no","no","no","no","yes","test","male","urban","healthcare and medicine"
"377","1",2,5,5,5,2,2,2,2,2,4,2,4,2,4,4,2,4,4,4,4,4,4,2,2,4,2,2,4,2,2,5,5,5,5,5,5,5,5,5,5,5,5,5,5,5,5,5,5,5,5,5,5,5,5,5,5,"yes","yes","no","yes","no","no","yes","no","no","yes","no","no","no","no","yes","no","yes","no","no","no","no","no","no","yes","yes","no","no","yes","no","no","no","yes","no","no","yes","no","yes","no","no","no","yes","no","no","no","yes","no","no","no","no","no","yes","no","no","yes","no","no","yes","no","no","yes","test","female","urban","healthcare and medicine"
"378","1",1,2,4,4,1,4,4,1,1,1,1,4,2,4,4,1,1,4,1,4,4,4,2,5,5,1,5,4,1,1,1,3,4,1,1,1,1,1,1,1,1,1,1,1,1,1,1,1,1,1,1,1,1,1,1,1,"no","yes","yes","no","yes","no","no","no","no","no","no","yes","no","no","no","no","yes","no","yes","no","no","no","yes","no","no","no","no","no","yes","no","no","no","no","no","no","no","no","yes","no","no","no","no","no","yes","no","no","no","yes","no","no","no","yes","no","no","no","no","no","yes","no","no","test","male","urban","healthcare and medicine"
"379","1",1,4,4,5,1,1,1,1,5,1,5,5,1,5,1,5,4,1,4,1,1,5,1,1,1,1,1,5,5,5,5,5,1,3,1,2,5,2,4,1,5,4,2,3,2,3,4,2,1,2,3,5,4,5,1,2,"yes","yes","yes","no","no","no","yes","no","no","yes","no","no","no","yes","no","no","no","yes","no","yes","no","no","no","yes","yes","no","no","yes","no","no","no","no","no","no","no","yes","yes","no","no","no","yes","no","no","no","yes","yes","no","no","yes","no","no","no","no","no","yes","no","no","no","no","yes","test","male","urban","healthcare and medicine"
"380","1",1,4,4,1,4,1,1,1,1,5,1,4,4,1,4,1,4,4,5,4,4,4,4,1,4,1,1,4,1,1,4,5,5,5,3,5,5,5,3,5,5,5,1,5,1,5,4,5,5,5,5,5,2,3,5,3,"yes","no","yes","no","yes","no","yes","no","no","yes","no","no","no","no","no","no","yes","no","no","no","yes","no","yes","no","no","no","yes","no","no","no","yes","no","no","yes","no","no","no","no","yes","no","yes","no","yes","no","no","no","yes","no","no","no","no","yes","no","no","no","no","yes","no","yes","no","test","male","rural","healthcare and medicine"
"381","1",2,2,4,1,4,5,5,1,1,1,1,4,5,1,4,2,2,4,1,4,4,4,4,4,4,1,4,4,1,1,1,3,4,2,1,1,5,2,1,5,2,2,1,1,4,2,3,3,5,4,1,4,2,1,2,1,"yes","yes","yes","no","no","yes","no","no","no","no","yes","no","no","no","no","yes","no","no","yes","no","no","no","no","yes","yes","no","no","no","no","yes","no","no","no","no","yes","no","yes","no","no","no","yes","no","no","no","no","yes","no","no","no","no","no","no","yes","no","yes","no","no","no","no","yes","test","male","urban","healthcare and medicine"
"382","1",1,1,4,1,4,4,4,1,5,1,5,4,4,1,1,4,1,1,1,1,1,5,4,4,1,1,4,1,4,4,1,2,1,1,1,2,1,5,1,1,1,1,1,1,1,5,5,5,5,5,1,1,1,1,1,5,"no","yes","yes","no","no","no","yes","no","no","no","no","no","no","no","yes","no","yes","no","no","yes","no","no","no","no","yes","no","no","yes","no","no","no","yes","no","no","no","no","no","no","no","no","yes","no","no","no","yes","no","no","yes","no","yes","no","yes","no","no","no","yes","no","no","yes","no","test","male","urban","healthcare and medicine"
"383","1",1,4,4,1,4,1,1,1,5,5,5,4,4,1,1,4,4,1,4,1,1,5,4,1,1,1,1,1,4,4,1,2,1,1,1,2,1,5,1,3,1,5,1,5,1,5,1,1,1,5,1,5,1,5,1,5,"yes","yes","yes","yes","no","no","no","no","yes","yes","no","no","no","no","no","no","no","yes","no","no","no","no","no","yes","no","yes","no","no","yes","no","no","no","yes","no","yes","no","yes","no","no","no","yes","no","no","yes","no","yes","no","no","no","no","no","no","yes","no","yes","no","no","no","yes","no","test","female","rural","healthcare and medicine"
"384","1",4,4,1,1,4,1,1,4,1,4,1,1,4,1,4,1,4,4,4,4,4,1,4,1,4,4,1,4,1,1,1,1,2,2,2,2,2,2,2,3,3,3,3,3,3,3,3,3,3,3,3,3,3,3,3,3,"yes","yes","yes","no","no","no","yes","no","no","yes","no","no","yes","no","no","no","yes","no","no","no","yes","no","yes","no","yes","no","no","yes","no","no","no","no","no","yes","no","no","no","yes","no","no","yes","no","no","no","yes","no","no","no","no","no","yes","no","no","yes","no","no","yes","no","no","yes","test","male","urban","healthcare and medicine"
"385","1",1,4,4,4,1,1,1,1,1,5,1,5,1,5,5,1,5,5,5,5,5,5,1,1,5,1,1,5,1,1,1,1,1,1,1,1,1,1,1,1,1,1,1,1,1,1,1,1,1,1,1,1,1,1,1,1,"no","no","yes","no","no","no","yes","no","no","yes","no","no","no","no","no","no","yes","no","yes","yes","yes","no","no","yes","yes","no","no","yes","no","no","no","no","no","no","yes","no","yes","no","no","no","yes","no","no","no","yes","yes","no","no","no","no","no","yes","no","no","yes","no","no","no","no","yes","test","male","urban","art and entertainment, media"
"386","1",2,5,5,5,2,2,2,2,2,4,2,4,2,4,4,2,4,4,4,4,4,4,2,2,4,2,2,4,2,2,5,5,5,5,5,5,5,5,5,5,5,5,5,5,5,5,5,5,5,5,5,5,5,5,5,5,"yes","no","no","yes","no","no","yes","no","no","yes","no","no","no","no","yes","no","yes","no","yes","no","yes","no","no","yes","yes","no","no","yes","no","no","no","yes","no","no","yes","no","yes","no","no","no","yes","no","no","no","yes","no","no","no","no","no","yes","no","no","yes","no","no","yes","no","no","yes","test","female","urban","art and entertainment, media"
"387","1",1,2,4,4,1,4,4,1,1,1,1,4,1,4,4,1,1,4,1,4,4,4,2,5,5,1,5,4,1,1,1,3,4,1,1,1,1,1,1,1,1,1,1,1,1,1,1,1,1,1,1,1,1,1,1,1,"no","yes","no","no","yes","no","no","no","no","no","no","yes","no","no","no","no","yes","no","yes","yes","no","no","yes","no","no","no","no","no","yes","no","no","no","no","no","no","no","no","yes","no","no","no","no","no","yes","no","no","no","yes","no","no","no","yes","no","no","no","no","no","yes","no","no","test","male","urban","art and entertainment, media"
"388","1",1,4,4,5,1,1,1,1,5,1,5,5,1,5,1,5,4,1,4,1,1,5,1,1,1,1,1,5,5,5,5,5,1,3,1,2,5,2,4,1,5,4,2,3,2,3,4,2,1,2,3,5,4,5,1,2,"no","no","no","no","no","no","yes","no","no","yes","no","no","no","yes","no","no","no","yes","no","yes","yes","no","no","yes","yes","no","no","yes","no","no","no","no","no","no","no","yes","yes","no","no","no","yes","no","no","no","yes","yes","no","no","yes","no","no","no","no","no","yes","no","no","no","no","yes","test","male","urban","art and entertainment, media"
"389","1",1,4,4,1,4,1,1,1,1,5,1,4,4,1,4,1,4,4,5,4,4,4,4,1,4,1,1,4,1,1,4,5,5,5,3,5,5,5,3,5,5,5,1,5,1,5,4,5,5,5,5,5,2,3,5,3,"no","no","yes","no","yes","no","yes","no","no","yes","no","no","no","no","no","no","yes","no","yes","no","yes","no","yes","no","no","no","yes","no","no","no","yes","no","no","yes","no","no","no","no","yes","no","yes","no","yes","no","no","no","yes","no","no","no","no","yes","no","no","no","no","yes","no","yes","no","test","male","rural","art and entertainment, media"
"390","1",2,2,4,1,4,5,5,1,1,1,1,4,5,1,4,2,2,4,1,4,4,4,4,4,4,1,4,4,1,1,1,3,4,2,1,1,5,2,1,5,2,2,1,1,4,2,3,3,5,4,1,4,2,1,2,1,"no","yes","no","no","no","yes","no","no","no","no","yes","no","no","no","no","yes","no","no","yes","yes","no","no","no","yes","yes","no","no","no","no","yes","no","no","no","no","yes","no","yes","no","no","no","yes","no","no","no","no","yes","no","no","no","no","no","no","yes","no","yes","no","no","no","no","yes","test","male","urban","art and entertainment, media"
"391","1",1,1,4,1,4,4,4,1,5,1,5,4,4,1,1,4,1,1,1,1,1,5,4,4,1,1,4,1,4,4,1,2,1,1,1,2,1,5,1,1,1,1,1,1,1,5,5,5,5,5,1,1,1,1,1,5,"no","no","yes","no","no","no","yes","no","no","no","no","no","no","no","yes","no","yes","no","yes","yes","yes","no","no","no","yes","no","no","yes","no","no","no","yes","no","no","no","no","no","no","no","no","yes","no","no","no","yes","no","no","yes","no","yes","no","yes","no","no","no","yes","no","no","yes","no","test","male","urban","art and entertainment, media"
"392","1",1,4,4,1,4,1,1,1,5,5,5,4,4,1,1,4,4,1,4,1,1,5,4,1,1,1,1,1,4,4,1,2,1,1,1,2,1,5,1,3,1,5,1,5,1,5,1,1,1,5,1,5,1,5,1,5,"yes","no","no","yes","no","no","no","no","yes","yes","no","no","no","no","no","no","no","yes","yes","no","yes","no","no","yes","no","yes","no","no","yes","no","no","no","yes","no","yes","no","yes","no","no","no","yes","no","no","yes","no","yes","no","no","no","no","no","no","yes","no","yes","no","no","no","yes","no","test","female","rural","art and entertainment, media"
"393","1",4,4,1,1,4,1,1,4,1,4,1,1,4,1,4,1,4,4,4,4,4,1,4,1,4,4,1,4,1,1,1,1,2,2,2,2,2,2,2,3,3,3,3,3,3,3,3,3,3,3,3,3,3,3,3,3,"no","no","yes","no","no","no","yes","no","no","yes","no","no","yes","no","no","no","yes","no","yes","yes","yes","no","yes","no","yes","no","no","yes","no","no","no","no","no","yes","no","no","no","yes","no","no","yes","no","no","no","yes","no","no","no","no","no","yes","no","no","yes","no","no","yes","no","no","yes","test","male","urban","art and entertainment, media"
"394","1",4,1,1,1,4,4,4,4,1,1,1,1,4,1,4,1,1,4,1,4,4,1,4,4,4,4,4,4,1,1,1,1,1,2,2,2,2,2,2,4,4,4,4,4,4,4,4,4,4,4,4,4,4,4,4,4,"no","yes","no","no","yes","no","no","yes","no","no","no","yes","no","no","no","no","no","no","yes","no","yes","no","no","yes","no","no","no","no","no","no","no","yes","no","no","no","yes","yes","no","no","no","yes","no","yes","no","no","yes","no","no","no","no","no","yes","no","no","yes","no","no","yes","no","no","test","male","rural","art and entertainment, media"
"395","1",4,1,1,1,4,4,4,4,4,1,4,1,4,1,1,4,1,1,1,1,1,1,4,4,1,4,4,1,4,4,1,1,1,1,1,1,1,1,1,4,5,2,3,1,2,2,3,5,2,1,2,3,2,3,3,3,"no","no","yes","no","no","no","yes","no","no","yes","no","no","no","yes","no","no","yes","no","yes","yes","yes","yes","no","no","yes","no","no","no","no","yes","no","no","no","no","yes","no","yes","no","no","no","yes","no","no","no","yes","no","no","yes","no","no","no","yes","no","no","yes","no","no","no","no","yes","test","male","urban","art and entertainment, media"
"396","1",4,4,1,1,4,1,1,4,4,4,4,1,4,1,1,4,4,1,4,1,1,1,4,1,1,4,1,1,4,4,1,1,2,2,2,2,2,2,2,1,1,3,3,2,1,2,1,4,1,2,1,2,3,4,5,4,"no","no","no","no","yes","no","no","no","yes","yes","no","no","no","no","no","no","no","yes","no","yes","yes","no","no","yes","no","no","yes","no","no","no","yes","no","no","no","no","yes","no","no","yes","no","yes","no","no","no","no","yes","no","no","yes","no","no","no","no","yes","no","yes","no","no","no","yes","test","female","urban","art and entertainment, media"
"397","1",4,4,1,4,1,1,1,4,1,4,1,1,1,4,4,1,4,4,4,4,4,1,1,1,4,4,1,4,1,1,1,1,1,2,2,2,2,2,2,5,3,2,3,2,4,4,4,4,1,2,3,4,3,2,3,2,"no","no","yes","no","no","no","yes","no","no","no","no","no","no","no","no","no","yes","no","no","yes","yes","no","yes","no","yes","no","no","yes","no","no","no","no","no","no","yes","no","yes","no","no","no","yes","no","no","no","yes","no","yes","no","no","no","no","yes","no","no","yes","no","no","yes","no","no","test","male","urban","art and entertainment, media"
"398","1",4,1,1,4,1,4,4,4,1,1,1,1,1,4,4,1,1,4,1,4,4,1,1,4,4,4,4,4,1,1,1,1,1,1,2,1,2,1,2,1,1,2,2,1,1,3,4,3,5,5,2,2,1,2,3,4,"yes","no","no","no","no","yes","no","no","yes","yes","no","no","no","yes","no","yes","no","no","yes","yes","yes","no","no","yes","no","yes","no","no","yes","no","no","no","yes","yes","no","no","no","yes","no","no","yes","no","no","yes","no","yes","no","no","no","no","no","no","yes","no","no","no","yes","no","no","no","test","male","urban","art and entertainment, media"
"399","1",4,1,1,4,1,4,4,4,4,1,4,1,1,4,1,4,1,1,1,1,1,1,1,4,1,4,4,1,4,4,1,1,1,1,1,1,1,1,1,1,2,3,4,5,1,2,3,4,2,3,1,2,3,4,2,3,"no","no","yes","yes","no","no","yes","no","no","no","yes","no","no","no","no","no","yes","no","yes","yes","no","no","no","no","yes","no","no","yes","no","no","no","no","no","no","yes","no","yes","no","no","no","yes","no","yes","no","no","no","no","no","no","yes","no","yes","no","no","no","no","no","no","yes","no","test","female","rural","art and entertainment, media"
"400","1",4,4,1,4,1,1,1,4,4,4,4,1,1,4,1,4,4,1,4,1,1,1,1,1,1,4,1,1,4,4,1,1,1,2,2,2,2,2,2,4,1,2,3,4,4,5,1,2,3,4,4,2,2,2,2,2,"no","yes","no","no","yes","no","no","yes","no","no","no","yes","no","no","no","no","no","no","yes","yes","yes","yes","no","no","no","no","yes","no","no","yes","no","yes","no","no","no","no","no","no","yes","no","yes","no","no","no","yes","no","no","yes","no","no","no","yes","no","no","yes","no","no","no","no","yes","test","male","urban","art and entertainment, media"
"401","1",1,4,4,4,1,1,1,1,1,5,1,5,1,5,5,1,5,5,5,5,5,5,1,1,5,1,1,5,1,1,1,1,1,1,1,1,1,1,1,1,1,1,1,1,1,1,1,1,1,1,1,1,1,1,1,1,"no","no","yes","no","no","no","yes","no","no","yes","no","no","no","no","no","no","yes","no","yes","yes","yes","no","no","yes","yes","no","no","yes","no","no","no","no","no","no","yes","no","yes","no","no","no","yes","no","no","no","yes","yes","no","no","no","no","no","yes","no","no","yes","no","no","no","no","yes","test","male","urban","art and entertainment, media"
"402","1",2,5,5,5,2,2,2,2,2,4,2,4,2,4,4,2,4,4,4,4,4,4,2,2,4,2,2,4,2,2,5,5,5,5,5,5,5,5,5,5,5,5,5,5,5,5,5,5,5,5,5,5,5,5,5,5,"yes","no","no","yes","no","no","yes","no","no","yes","no","no","no","no","yes","no","yes","no","yes","no","yes","no","no","yes","yes","no","no","yes","no","no","no","yes","no","no","yes","no","yes","no","no","no","yes","no","no","no","yes","no","no","no","no","no","yes","no","no","yes","no","no","yes","no","no","yes","test","female","urban","art and entertainment, media"
"403","1",1,2,4,4,1,4,4,1,1,1,1,4,2,4,4,1,1,4,1,4,4,4,2,5,5,1,5,4,1,1,1,3,4,1,1,1,1,1,1,1,1,1,1,1,1,1,1,1,1,1,1,1,1,1,1,1,"no","yes","no","no","yes","no","no","no","no","no","no","yes","no","no","no","no","yes","no","yes","yes","no","no","yes","no","no","no","no","no","yes","no","no","no","no","no","no","no","no","yes","no","no","no","no","no","yes","no","no","no","yes","no","no","no","yes","no","no","no","no","no","yes","no","no","test","male","urban","art and entertainment, media"
"404","1",1,4,4,5,1,1,1,1,5,1,5,5,1,5,1,5,4,1,4,1,1,5,1,1,1,1,1,5,5,5,5,5,1,3,1,2,5,2,4,1,5,4,2,3,2,3,4,2,1,2,3,5,4,5,1,2,"no","no","no","no","no","no","yes","no","no","yes","no","no","no","yes","no","no","no","yes","no","yes","yes","no","no","yes","yes","no","no","yes","no","no","no","no","no","no","no","yes","yes","no","no","no","yes","no","no","no","yes","yes","no","no","yes","no","no","no","no","no","yes","no","no","no","no","yes","test","male","urban","art and entertainment, media"
"405","1",1,4,4,1,4,1,1,1,1,5,1,4,4,1,4,1,4,4,5,4,4,4,4,1,4,1,1,4,1,1,4,5,5,5,3,5,5,5,3,5,5,5,1,5,1,5,4,5,5,5,5,5,2,3,5,3,"no","no","yes","no","yes","no","yes","no","no","yes","no","no","no","no","no","no","yes","no","yes","no","yes","no","yes","no","no","no","yes","no","no","no","yes","no","no","yes","no","no","no","no","yes","no","yes","no","yes","no","no","no","yes","no","no","no","no","yes","no","no","no","no","yes","no","yes","no","test","male","rural","art and entertainment, media"
"406","1",2,2,4,1,4,5,5,1,1,1,1,4,5,1,4,2,2,4,1,4,4,4,4,4,4,1,4,4,1,1,1,3,4,2,1,1,5,2,1,5,2,2,1,1,4,2,3,3,5,4,1,4,2,1,2,1,"no","yes","no","no","no","yes","no","no","no","no","yes","no","no","no","no","yes","no","no","yes","yes","no","no","no","yes","yes","no","no","no","no","yes","no","no","no","no","yes","no","yes","no","no","no","yes","no","no","no","no","yes","no","no","no","no","no","no","yes","no","yes","no","no","no","no","yes","test","male","urban","art and entertainment, media"
"407","1",1,1,4,1,4,4,4,1,5,1,5,4,4,1,1,4,1,1,1,1,1,5,4,4,1,1,4,1,4,4,1,2,1,1,1,2,1,5,1,1,1,1,1,1,1,5,5,5,5,5,1,1,1,1,1,5,"no","no","yes","no","no","no","yes","no","no","no","no","no","no","no","yes","no","yes","no","yes","yes","yes","no","no","no","yes","no","no","yes","no","no","no","yes","no","no","no","no","no","no","no","no","yes","no","no","no","yes","no","no","yes","no","yes","no","yes","no","no","no","yes","no","no","yes","no","test","male","urban","art and entertainment, media"
"408","1",1,4,4,1,4,1,1,1,5,5,5,4,4,1,1,4,4,1,4,1,1,5,4,1,1,1,1,1,4,4,1,2,1,1,1,2,1,5,1,3,1,5,1,5,1,5,1,1,1,5,1,5,1,5,1,5,"yes","no","no","yes","no","no","no","no","yes","yes","no","no","no","no","no","no","no","yes","yes","no","yes","no","no","yes","no","yes","no","no","yes","no","no","no","yes","no","yes","no","yes","no","no","no","yes","no","no","yes","no","yes","no","no","no","no","no","no","yes","no","yes","no","no","no","yes","no","test","female","rural","art and entertainment, media"
"409","1",4,4,1,1,4,1,1,4,1,4,1,1,4,1,4,1,4,4,4,4,4,1,4,1,4,4,1,4,1,1,1,1,2,2,2,2,2,2,2,3,3,3,3,3,3,3,3,3,3,3,3,3,3,3,3,3,"no","no","yes","no","no","no","yes","no","no","yes","no","no","yes","no","no","no","yes","no","yes","yes","yes","no","yes","no","yes","no","no","yes","no","no","no","no","no","yes","no","no","no","yes","no","no","yes","no","no","no","yes","no","no","no","no","no","yes","no","no","yes","no","no","yes","no","no","yes","test","male","urban","art and entertainment, media"
"410","1",1,4,4,4,1,1,1,1,1,5,1,5,1,5,5,1,5,5,5,5,5,5,1,1,5,1,1,5,1,1,1,1,1,1,1,1,1,1,1,1,1,1,1,1,1,1,1,1,1,1,1,1,1,1,1,1,"yes","no","yes","no","no","no","yes","no","no","yes","no","no","no","no","no","no","yes","no","yes","no","no","no","no","yes","yes","no","no","yes","no","no","no","no","no","no","yes","no","yes","no","no","no","yes","no","no","no","yes","yes","no","no","no","no","no","yes","no","no","yes","no","no","no","no","yes","test","male","urban","healthcare and medicine"
"411","1",2,5,5,5,2,2,2,2,2,4,2,4,2,4,4,2,4,4,4,4,4,4,2,2,4,2,2,4,2,2,5,5,5,5,5,5,5,5,5,5,5,5,5,5,5,5,5,5,5,5,5,5,5,5,5,5,"yes","yes","no","yes","no","no","yes","no","no","yes","no","no","no","no","yes","no","yes","no","yes","no","no","no","no","yes","yes","no","no","yes","no","no","no","yes","no","no","yes","no","yes","no","no","no","yes","no","no","no","yes","no","no","no","no","no","yes","no","no","yes","no","no","yes","no","no","yes","test","female","urban","healthcare and medicine"
"412","1",1,2,4,4,1,4,4,1,1,1,1,4,1,4,4,1,1,4,1,4,4,4,2,5,5,1,5,4,1,1,1,3,4,1,1,1,1,1,1,1,1,1,1,1,1,1,1,1,1,1,1,1,1,1,1,1,"no","yes","yes","no","yes","no","no","no","no","no","no","yes","no","no","no","no","yes","no","no","no","no","no","yes","no","no","no","no","no","yes","no","no","no","no","no","no","no","no","yes","no","no","no","no","no","yes","no","no","no","yes","no","no","no","yes","no","no","no","no","no","yes","no","no","test","male","urban","healthcare and medicine"
"413","1",1,4,4,5,1,1,1,1,5,1,5,5,1,5,1,5,4,1,4,1,1,5,1,1,1,1,1,5,5,5,5,5,1,3,1,2,5,2,4,1,5,4,2,3,2,3,4,2,1,2,3,5,4,5,1,2,"yes","yes","yes","no","no","no","yes","no","no","yes","no","no","no","yes","no","no","no","yes","no","no","no","no","no","yes","yes","no","no","yes","no","no","no","no","no","no","no","yes","yes","no","no","no","yes","no","no","no","yes","yes","no","no","yes","no","no","no","no","no","yes","no","no","no","no","yes","test","male","urban","healthcare and medicine"
"414","1",1,4,4,1,4,1,1,1,1,5,1,4,4,1,4,1,4,4,5,4,4,4,4,1,4,1,1,4,1,1,4,5,5,5,3,5,5,5,3,5,5,5,1,5,1,5,4,5,5,5,5,5,2,3,5,3,"no","yes","yes","no","yes","no","yes","no","no","yes","no","no","no","no","no","no","yes","no","no","no","yes","no","yes","no","no","no","yes","no","no","no","yes","no","no","yes","no","no","no","no","yes","no","yes","no","yes","no","no","no","yes","no","no","no","no","yes","no","no","no","no","yes","no","yes","no","test","male","rural","healthcare and medicine"
"415","1",2,2,4,1,4,5,5,1,1,1,1,4,5,1,4,2,2,4,1,4,4,4,4,4,4,1,4,4,1,1,1,3,4,2,1,1,5,2,1,5,2,2,1,1,4,2,3,3,5,4,1,4,2,1,2,1,"no","yes","yes","no","no","yes","no","no","no","no","yes","no","no","no","no","yes","no","no","no","no","no","no","no","yes","yes","no","no","no","no","yes","no","no","no","no","yes","no","yes","no","no","no","yes","no","no","no","no","yes","no","no","no","no","no","no","yes","no","yes","no","no","no","no","yes","test","male","urban","healthcare and medicine"
"416","1",1,1,4,1,4,4,4,1,5,1,5,4,4,1,1,4,1,1,1,1,1,5,4,4,1,1,4,1,4,4,1,2,1,1,1,2,1,5,1,1,1,1,1,1,1,5,5,5,5,5,1,1,1,1,1,5,"yes","no","yes","no","no","no","yes","no","no","no","no","no","no","no","yes","no","yes","no","yes","no","no","no","no","no","yes","no","no","yes","no","no","no","yes","no","no","no","no","no","no","no","no","yes","no","no","no","yes","no","no","yes","no","yes","no","yes","no","no","no","yes","no","no","yes","no","test","male","urban","healthcare and medicine"
"417","1",1,4,4,1,4,1,1,1,5,5,5,4,4,1,1,4,4,1,4,1,1,5,4,1,1,1,1,1,4,4,1,2,1,1,1,2,1,5,1,3,1,5,1,5,1,5,1,1,1,5,1,5,1,5,1,5,"yes","yes","no","yes","no","no","no","no","yes","yes","no","no","no","no","no","no","no","yes","no","no","no","no","no","yes","no","yes","no","no","yes","no","no","no","yes","no","yes","no","yes","no","no","no","yes","no","no","yes","no","yes","no","no","no","no","no","no","yes","no","yes","no","no","no","yes","no","test","female","rural","healthcare and medicine"
"418","1",4,4,1,1,4,1,1,4,1,4,1,1,4,1,4,1,4,4,4,4,4,1,4,1,4,4,1,4,1,1,1,1,2,2,2,2,2,2,2,3,3,3,3,3,3,3,3,3,3,3,3,3,3,3,3,3,"no","yes","yes","no","no","no","yes","no","no","yes","no","no","yes","no","no","no","yes","no","yes","no","no","no","yes","no","yes","no","no","yes","no","no","no","no","no","yes","no","no","no","yes","no","no","yes","no","no","no","yes","no","no","no","no","no","yes","no","no","yes","no","no","yes","no","no","yes","test","male","urban","healthcare and medicine"
"419","1",4,1,1,1,4,4,4,4,1,1,1,1,4,1,4,1,1,4,1,4,4,1,4,4,4,4,4,4,1,1,1,1,1,2,2,2,2,2,2,4,4,4,4,4,4,4,4,4,4,4,4,4,4,4,4,4,"yes","yes","no","no","yes","no","no","yes","no","no","no","yes","no","no","no","no","no","no","no","no","yes","no","no","yes","no","no","no","no","no","no","no","yes","no","no","no","yes","yes","no","no","no","yes","no","yes","no","no","yes","no","no","no","no","no","yes","no","no","yes","no","no","yes","no","no","test","male","rural","healthcare and medicine"
"420","1",4,1,1,1,4,4,4,4,4,1,4,1,4,1,1,4,1,1,1,1,1,1,4,4,1,4,4,1,4,4,1,1,1,1,1,1,1,1,1,4,5,2,3,1,2,2,3,5,2,1,2,3,2,3,3,3,"no","yes","yes","no","no","no","yes","no","no","yes","no","no","no","yes","no","no","yes","no","yes","no","no","yes","no","no","yes","no","no","no","no","yes","no","no","no","no","yes","no","yes","no","no","no","yes","no","no","no","yes","no","no","yes","no","no","no","yes","no","no","yes","no","no","no","no","yes","test","male","urban","healthcare and medicine"
"421","1",4,4,1,1,4,1,1,4,4,4,4,1,4,1,1,4,4,1,4,1,1,1,4,1,1,4,1,1,4,4,1,1,2,2,2,2,2,2,2,1,1,3,3,2,1,2,1,4,1,2,1,2,3,4,5,4,"yes","yes","no","no","yes","no","no","no","yes","yes","no","no","no","no","no","no","no","yes","no","no","no","no","no","yes","no","no","yes","no","no","no","yes","no","no","no","no","yes","no","no","yes","no","yes","no","no","no","no","yes","no","no","yes","no","no","no","no","yes","no","yes","no","no","no","yes","test","female","urban","healthcare and medicine"
"422","1",4,4,1,4,1,1,1,4,1,4,1,1,1,4,4,1,4,4,4,4,4,1,1,1,4,4,1,4,1,1,1,1,1,2,2,2,2,2,2,5,3,2,3,2,4,4,4,4,1,2,3,4,3,2,3,2,"yes","yes","yes","no","no","no","yes","no","no","no","no","no","no","no","no","no","yes","no","no","no","yes","no","yes","no","yes","no","no","yes","no","no","no","no","no","no","yes","no","yes","no","no","no","yes","no","no","no","yes","no","yes","no","no","no","no","yes","no","no","yes","no","no","yes","no","no","test","male","urban","healthcare and medicine"
"423","1",4,1,1,4,1,4,4,4,1,1,1,1,1,4,4,1,1,4,1,4,4,1,1,4,4,4,4,4,1,1,1,1,1,1,2,1,2,1,2,1,1,2,2,1,1,3,4,3,5,5,2,2,1,2,3,4,"yes","no","yes","no","no","yes","no","no","yes","yes","no","no","no","yes","no","yes","no","no","yes","no","no","no","no","yes","no","yes","no","no","yes","no","no","no","yes","yes","no","no","no","yes","no","no","yes","no","no","yes","no","yes","no","no","no","no","no","no","yes","no","no","no","yes","no","no","no","test","male","urban","healthcare and medicine"
"424","1",4,1,1,4,1,4,4,4,4,1,4,1,1,4,1,4,1,1,1,1,1,1,1,4,1,4,4,1,4,4,1,1,1,1,1,1,1,1,1,1,2,3,4,5,1,2,3,4,2,3,1,2,3,4,2,3,"no","yes","yes","yes","no","no","yes","no","no","no","yes","no","no","no","no","no","yes","no","yes","no","no","no","no","no","yes","no","no","yes","no","no","no","no","no","no","yes","no","yes","no","no","no","yes","no","yes","no","no","no","no","no","no","yes","no","yes","no","no","no","no","no","no","yes","no","test","female","rural","healthcare and medicine"
"425","1",4,4,1,4,1,1,1,4,4,4,4,1,1,4,1,4,4,1,4,1,1,1,1,1,1,4,1,1,4,4,1,1,1,2,2,2,2,2,2,4,1,2,3,4,4,5,1,2,3,4,4,2,2,2,2,2,"no","yes","yes","no","yes","no","no","yes","no","no","no","yes","no","no","no","no","no","no","no","no","yes","yes","no","no","no","no","yes","no","no","yes","no","yes","no","no","no","no","no","no","yes","no","yes","no","no","no","yes","no","no","yes","no","no","no","yes","no","no","yes","no","no","no","no","yes","test","male","urban","healthcare and medicine"
"426","1",1,4,4,4,1,1,1,1,1,5,1,5,1,5,5,1,5,5,5,5,5,5,1,1,5,1,1,5,1,1,1,1,1,1,1,1,1,1,1,1,1,1,1,1,1,1,1,1,1,1,1,1,1,1,1,1,"yes","no","yes","no","no","no","yes","no","no","yes","no","no","no","no","no","no","yes","no","no","no","yes","no","no","yes","yes","no","no","yes","no","no","no","no","no","no","yes","no","yes","no","no","no","yes","no","no","no","yes","yes","no","no","no","no","no","yes","no","no","yes","no","no","no","no","yes","test","male","urban","healthcare and medicine"
"427","1",2,5,5,5,2,2,2,2,2,4,2,4,2,4,4,2,4,4,4,4,4,4,2,2,4,2,2,4,2,2,5,5,5,5,5,5,5,5,5,5,5,5,5,5,5,5,5,5,5,5,5,5,5,5,5,5,"yes","yes","no","yes","no","no","yes","no","no","yes","no","no","no","no","yes","no","yes","no","no","no","no","no","no","yes","yes","no","no","yes","no","no","no","yes","no","no","yes","no","yes","no","no","no","yes","no","no","no","yes","no","no","no","no","no","yes","no","no","yes","no","no","yes","no","no","yes","test","female","urban","healthcare and medicine"
"428","1",1,2,4,4,1,4,4,1,1,1,1,4,2,4,4,1,1,4,1,4,4,4,2,5,5,1,5,4,1,1,1,3,4,1,1,1,1,1,1,1,1,1,1,1,1,1,1,1,1,1,1,1,1,1,1,1,"no","yes","yes","no","yes","no","no","no","no","no","no","yes","no","no","no","no","yes","no","yes","no","no","no","yes","no","no","no","no","no","yes","no","no","no","no","no","no","no","no","yes","no","no","no","no","no","yes","no","no","no","yes","no","no","no","yes","no","no","no","no","no","yes","no","no","test","male","urban","healthcare and medicine"
"429","1",1,4,4,5,1,1,1,1,5,1,5,5,1,5,1,5,4,1,4,1,1,5,1,1,1,1,1,5,5,5,5,5,1,3,1,2,5,2,4,1,5,4,2,3,2,3,4,2,1,2,3,5,4,5,1,2,"yes","yes","yes","no","no","no","yes","no","no","yes","no","no","no","yes","no","no","no","yes","no","yes","no","no","no","yes","yes","no","no","yes","no","no","no","no","no","no","no","yes","yes","no","no","no","yes","no","no","no","yes","yes","no","no","yes","no","no","no","no","no","yes","no","no","no","no","yes","test","male","urban","healthcare and medicine"
"430","1",1,4,4,1,4,1,1,1,1,5,1,4,4,1,4,1,4,4,5,4,4,4,4,1,4,1,1,4,1,1,4,5,5,5,3,5,5,5,3,5,5,5,1,5,1,5,4,5,5,5,5,5,2,3,5,3,"yes","no","yes","no","yes","no","yes","no","no","yes","no","no","no","no","no","no","yes","no","no","no","yes","no","yes","no","no","no","yes","no","no","no","yes","no","no","yes","no","no","no","no","yes","no","yes","no","yes","no","no","no","yes","no","no","no","no","yes","no","no","no","no","yes","no","yes","no","test","male","rural","healthcare and medicine"
"431","1",2,2,4,1,4,5,5,1,1,1,1,4,5,1,4,2,2,4,1,4,4,4,4,4,4,1,4,4,1,1,1,3,4,2,1,1,5,2,1,5,2,2,1,1,4,2,3,3,5,4,1,4,2,1,2,1,"yes","yes","yes","no","no","yes","no","no","no","no","yes","no","no","no","no","yes","no","no","yes","no","no","no","no","yes","yes","no","no","no","no","yes","no","no","no","no","yes","no","yes","no","no","no","yes","no","no","no","no","yes","no","no","no","no","no","no","yes","no","yes","no","no","no","no","yes","test","male","urban","healthcare and medicine"
"432","1",1,1,4,1,4,4,4,1,5,1,5,4,4,1,1,4,1,1,1,1,1,5,4,4,1,1,4,1,4,4,1,2,1,1,1,2,1,5,1,1,1,1,1,1,1,5,5,5,5,5,1,1,1,1,1,5,"no","yes","yes","no","no","no","yes","no","no","no","no","no","no","no","yes","no","yes","no","no","yes","no","no","no","no","yes","no","no","yes","no","no","no","yes","no","no","no","no","no","no","no","no","yes","no","no","no","yes","no","no","yes","no","yes","no","yes","no","no","no","yes","no","no","yes","no","test","male","urban","healthcare and medicine"
"433","1",1,4,4,1,4,1,1,1,5,5,5,4,4,1,1,4,4,1,4,1,1,5,4,1,1,1,1,1,4,4,1,2,1,1,1,2,1,5,1,3,1,5,1,5,1,5,1,1,1,5,1,5,1,5,1,5,"yes","yes","yes","yes","no","no","no","no","yes","yes","no","no","no","no","no","no","no","yes","no","no","no","no","no","yes","no","yes","no","no","yes","no","no","no","yes","no","yes","no","yes","no","no","no","yes","no","no","yes","no","yes","no","no","no","no","no","no","yes","no","yes","no","no","no","yes","no","test","female","rural","healthcare and medicine"
"434","1",4,4,1,1,4,1,1,4,1,4,1,1,4,1,4,1,4,4,4,4,4,1,4,1,4,4,1,4,1,1,1,1,2,2,2,2,2,2,2,3,3,3,3,3,3,3,3,3,3,3,3,3,3,3,3,3,"yes","yes","yes","no","no","no","yes","no","no","yes","no","no","yes","no","no","no","yes","no","no","no","yes","no","yes","no","yes","no","no","yes","no","no","no","no","no","yes","no","no","no","yes","no","no","yes","no","no","no","yes","no","no","no","no","no","yes","no","no","yes","no","no","yes","no","no","yes","test","male","urban","healthcare and medicine"
