"id","user_id","mq1","mq2","mq3","mq4","mq5","mq6","mq7","mq8","mq9","mq10","mq11","mq12","mq13","mq14","mq15","mq16","mq17","mq18","mq19","mq20","mq21","mq22","mq23","mq24","mq25","mq26","mq27","mq28","mq29","mq30","lq1","lq2","lq3","lq4","lq5","lq6","lq7","lq8","lq9","lq10","lq11","lq12","lq13","lq14","lq15","lq16","lq17","lq18","lq19","lq20","lq21","lq22","lq23","lq24","lq25","lq26","cq1","cq2","cq3","cq4","cq5","cq6","cq7","cq8","cq9","cq10","cq11","cq12","cq13","cq14","cq15","cq16","cq17","cq18","cq19","cq20","cq21","cq22","cq23","cq24","cq25","cq26","cq27","cq28","cq29","cq30","cq31","cq32","cq33","cq34","cq35","cq36","cq37","cq38","cq39","cq40","cq41","cq42","cq43","cq44","cq45","cq46","cq47","cq48","cq49","cq50","cq51","cq52","cq53","cq54","cq55","cq56","cq57","cq58","cq59","cq60","name","gender","location","profession"
"2129","1",1,4,4,4,1,1,1,1,1,5,1,5,1,5,5,1,5,5,5,5,5,5,1,1,5,1,1,5,1,1,1,1,1,1,1,1,1,1,1,1,1,1,1,1,1,1,1,1,1,1,1,1,1,1,1,1,"no","no","yes","no","no","no","yes","no","no","yes","no","no","yes","yes","yes","no","yes","no","yes","no","no","no","no","yes","yes","no","no","yes","no","no","no","no","no","no","yes","no","yes","no","no","no","yes","no","no","no","yes","yes","no","no","no","no","no","yes","no","no","yes","no","no","no","no","yes","test","male","urban","science and research"
"2130","1",2,5,5,5,2,2,2,2,2,4,2,4,2,4,4,2,4,4,4,4,4,4,2,2,4,2,2,4,2,2,5,5,5,5,5,5,5,5,5,5,5,5,5,5,5,5,5,5,5,5,5,5,5,5,5,5,"yes","no","no","yes","no","no","yes","no","no","no","no","no","no","yes","yes","no","yes","no","no","no","no","no","no","yes","yes","no","no","yes","no","no","no","yes","no","no","yes","no","yes","no","no","no","yes","no","no","no","yes","no","no","no","no","no","yes","no","no","yes","no","no","yes","no","no","yes","test","female","urban","science and research"
"2131","1",1,2,4,4,1,4,4,1,1,1,1,4,1,4,4,1,1,4,1,4,4,4,2,5,5,1,5,4,1,1,1,3,4,1,1,1,1,1,1,1,1,1,1,1,1,1,1,1,1,1,1,1,1,1,1,1,"no","yes","no","no","yes","no","no","no","no","no","no","yes","yes","yes","no","no","yes","no","no","no","no","no","yes","no","no","no","no","no","yes","no","no","no","no","no","no","no","no","yes","no","no","no","no","no","yes","no","no","no","yes","no","no","no","yes","no","no","no","no","no","yes","no","no","test","male","urban","science and research"
"2132","1",2,2,4,1,4,5,5,1,1,3,1,4,5,1,4,2,2,4,1,4,4,4,4,4,4,1,4,4,1,1,1,3,4,2,1,1,5,2,1,5,2,2,1,1,4,2,3,3,5,4,1,4,2,1,2,1,"no","yes","no","no","no","yes","no","no","no","no","yes","no","no","yes","yes","yes","no","no","no","no","no","no","no","yes","yes","no","no","no","no","yes","no","no","no","no","yes","no","yes","no","no","no","yes","no","no","no","no","yes","no","no","no","no","no","no","yes","no","yes","no","no","no","no","yes","test","male","urban","science and research"
"2133","1",4,1,1,1,4,4,4,4,1,1,1,1,4,3,4,1,1,4,1,4,4,1,4,4,4,2,4,4,1,1,1,1,1,2,2,2,2,2,2,4,4,4,4,4,4,4,4,4,4,4,4,4,4,4,4,4,"no","no","no","no","yes","no","no","yes","no","no","yes","no","yes","yes","yes","no","no","no","no","yes","no","no","no","yes","no","no","no","no","no","no","no","yes","no","no","no","yes","yes","no","no","no","yes","no","yes","no","no","yes","no","no","no","no","no","yes","no","no","yes","no","no","yes","no","no","test","male","rural","science and research"
"2134","1",4,4,1,1,4,1,1,4,4,4,4,1,4,1,1,4,4,1,4,1,1,1,4,1,1,4,1,1,4,4,1,1,2,2,2,2,2,2,2,1,1,3,3,2,1,2,1,4,1,2,1,2,3,4,5,4,"no","no","no","no","yes","no","no","no","yes","yes","no","no","yes","yes","yes","no","no","yes","no","no","no","no","no","yes","no","no","yes","no","no","no","yes","no","no","no","no","yes","no","no","yes","no","yes","no","no","no","no","yes","no","no","yes","no","no","no","no","yes","no","yes","no","no","no","yes","test","female","urban","science and research"
"2135","1",4,4,1,4,1,1,1,4,1,4,1,4,1,4,2,1,4,4,4,4,4,1,1,1,4,4,1,4,1,1,1,1,1,2,2,2,2,2,2,5,3,2,3,2,4,4,4,4,1,1,3,4,3,2,3,2,"no","no","yes","no","no","no","no","no","no","no","no","no","yes","yes","no","no","yes","no","yes","no","no","no","yes","no","yes","no","no","yes","no","no","no","no","no","no","yes","no","yes","no","no","no","yes","no","no","no","yes","no","yes","no","no","no","no","yes","no","no","yes","no","no","yes","no","no","test","male","urban","science and research"
"2136","1",4,1,1,4,1,4,3,1,1,1,1,1,1,4,3,1,1,4,1,4,4,1,1,4,4,4,4,4,1,1,1,1,1,1,2,1,2,1,2,1,1,2,2,1,1,3,4,3,5,5,2,2,1,2,3,4,"yes","no","no","no","no","yes","no","no","yes","yes","no","no","yes","yes","yes","yes","no","no","no","no","yes","no","no","yes","no","yes","no","no","yes","no","no","no","yes","yes","no","no","no","yes","no","no","yes","no","no","yes","no","yes","no","no","no","no","no","no","yes","no","no","no","yes","no","no","no","test","male","urban","science and research"
"2137","1",4,1,1,4,1,4,4,4,4,1,4,3,1,4,1,4,1,1,1,1,1,1,1,4,1,3,4,1,4,4,1,1,1,1,1,1,1,1,1,1,2,3,4,5,1,2,3,4,2,3,1,1,3,4,2,3,"no","no","yes","yes","no","no","yes","no","no","yes","no","no","no","yes","yes","no","yes","no","no","no","no","no","no","no","yes","no","no","yes","no","no","no","no","no","no","yes","no","yes","no","no","no","yes","no","yes","no","no","no","no","no","no","yes","no","yes","no","no","no","no","no","no","yes","no","test","female","rural","science and research"
"2138","1",4,4,1,4,1,1,1,3,4,4,4,1,1,4,1,4,4,1,4,1,1,1,1,1,1,4,1,1,4,4,1,1,1,2,2,2,2,2,2,4,1,2,3,4,4,5,1,2,3,4,4,2,2,2,2,2,"no","yes","no","no","yes","no","no","yes","no","no","no","yes","no","yes","yes","no","no","no","no","yes","no","yes","no","no","no","no","yes","no","no","yes","no","yes","no","no","no","no","no","no","yes","no","yes","no","no","no","yes","no","no","yes","no","no","no","yes","no","no","yes","no","no","no","no","yes","test","male","urban","science and research"
"2139","1",4,4,1,1,4,1,1,4,1,4,1,1,4,1,4,1,4,4,4,4,4,1,4,1,4,1,1,4,1,1,1,1,2,2,2,2,2,2,2,3,3,3,3,1,3,2,3,2,3,4,3,1,3,4,3,5,"no","no","no","no","yes","no","yes","no","no","yes","no","no","yes","yes","yes","no","yes","no","yes","no","no","no","yes","no","yes","no","no","yes","no","no","no","no","no","yes","no","no","no","yes","no","no","yes","no","no","no","yes","no","no","no","no","no","yes","no","no","yes","no","no","yes","no","no","yes","test","male","urban","science and research"
"2140","1",1,4,4,1,4,1,1,1,5,5,5,4,4,1,1,4,4,1,4,1,1,5,4,1,1,1,1,1,4,4,1,2,1,1,1,2,1,5,1,3,1,5,1,5,1,5,1,1,1,5,1,5,1,5,1,5,"yes","no","no","yes","yes","no","no","no","yes","yes","no","no","no","no","no","no","no","yes","yes","no","no","no","no","yes","no","yes","no","no","yes","no","no","no","yes","no","yes","no","yes","no","no","no","yes","no","no","yes","no","yes","no","no","no","no","no","no","yes","no","yes","no","no","no","yes","no","test","female","rural","technology and information systems"
"2141","1",4,4,1,1,4,1,1,4,1,4,1,1,4,1,4,1,4,4,4,4,4,1,4,1,4,4,1,4,1,1,1,1,2,2,2,2,2,2,2,3,3,3,3,3,3,3,3,3,3,3,3,3,3,3,3,3,"no","no","yes","yes","yes","yes","yes","no","no","yes","no","no","yes","no","no","no","yes","no","no","no","no","no","yes","no","yes","no","no","yes","no","no","no","no","no","yes","no","no","no","yes","no","no","yes","no","no","no","yes","no","no","no","no","no","yes","no","no","yes","no","no","yes","no","no","yes","test","male","urban","technology and information systems"
"2142","1",4,1,1,1,4,4,4,4,1,1,1,1,4,1,4,1,1,4,1,4,4,1,4,4,4,4,4,4,1,1,1,1,1,2,2,2,2,2,2,4,4,4,4,4,4,4,4,4,4,4,4,4,4,4,4,4,"no","yes","no","yes","yes","no","no","yes","no","no","no","yes","no","no","yes","no","no","no","no","no","yes","no","no","yes","no","no","no","no","no","no","no","yes","no","no","no","yes","yes","no","no","no","yes","no","yes","no","no","yes","no","no","no","no","no","yes","no","no","yes","no","no","yes","no","no","test","male","rural","technology and information systems"
"2143","1",4,1,1,1,4,4,4,4,4,1,4,1,4,1,1,4,1,1,1,1,1,1,4,4,1,4,4,1,4,4,1,1,1,1,1,1,1,1,1,4,5,2,3,1,2,2,3,5,2,1,2,3,2,3,3,3,"no","no","yes","yes","yes","no","yes","no","no","no","yes","no","no","yes","no","no","yes","no","yes","no","no","yes","no","no","yes","no","no","no","no","yes","no","no","no","no","yes","no","yes","no","no","no","yes","no","no","no","yes","no","no","yes","no","no","no","yes","no","no","yes","no","no","no","yes","no","test","male","urban","technology and information systems"
"2144","1",4,4,1,1,4,1,1,4,4,4,4,1,4,1,1,4,4,1,4,1,1,1,4,1,1,4,1,1,4,4,1,1,2,2,2,2,2,2,2,1,1,3,3,2,1,2,1,4,1,2,1,2,3,4,5,4,"no","no","no","no","yes","yes","no","no","yes","yes","no","no","no","no","no","no","no","yes","no","no","no","no","no","yes","no","no","yes","no","no","no","yes","no","no","no","no","yes","no","no","yes","no","yes","no","no","no","no","yes","no","no","yes","no","no","no","no","yes","no","yes","no","no","no","yes","test","female","urban","technology and information systems"
"2145","1",4,4,1,4,1,1,1,4,1,4,1,1,1,4,4,1,4,4,4,4,4,1,1,1,4,4,1,4,1,1,1,1,1,2,2,2,2,2,2,5,3,2,3,2,4,4,4,4,1,2,3,4,3,2,3,2,"no","no","yes","yes","yes","yes","yes","no","no","no","yes","no","no","yes","no","no","yes","no","no","no","yes","no","yes","no","yes","no","no","yes","no","no","no","no","no","no","yes","no","yes","no","no","no","yes","no","no","no","yes","no","yes","no","no","no","no","yes","no","no","yes","no","no","no","yes","no","test","male","urban","technology and information systems"
"2146","1",4,1,1,4,1,4,4,4,1,1,1,1,1,4,4,1,1,4,1,4,4,1,1,4,4,4,4,4,1,1,1,1,1,1,2,1,2,1,2,1,1,2,2,1,1,3,4,3,5,5,2,2,1,2,3,4,"yes","no","no","yes","no","yes","no","no","yes","yes","no","no","no","yes","no","yes","no","no","no","no","yes","no","no","yes","no","yes","no","no","yes","no","no","no","yes","yes","no","no","no","yes","no","no","yes","no","no","yes","no","yes","no","no","no","no","no","no","yes","no","no","no","yes","no","no","no","test","male","urban","technology and information systems"
"2147","1",4,1,1,4,1,4,4,4,4,1,4,1,1,4,1,4,1,1,1,1,1,1,1,4,1,4,4,1,4,4,1,1,1,1,1,1,1,1,1,1,2,3,4,5,1,2,3,4,2,3,1,2,3,4,2,3,"no","no","yes","yes","yes","no","yes","no","no","no","yes","no","no","no","no","no","yes","no","no","no","no","no","no","no","yes","no","no","yes","no","no","no","no","no","no","yes","no","yes","no","no","no","yes","no","yes","no","no","no","no","no","no","yes","no","yes","no","no","no","no","no","no","yes","no","test","female","rural","technology and information systems"
"2148","1",4,4,1,4,1,1,1,4,4,4,4,1,1,4,1,4,4,1,4,1,1,1,1,1,1,4,1,1,4,4,1,1,1,2,2,2,2,2,2,4,1,2,3,4,4,5,1,2,3,4,4,2,2,2,2,2,"no","yes","no","yes","yes","yes","no","yes","no","no","no","yes","no","no","no","no","no","no","yes","no","no","yes","no","no","no","no","yes","no","no","yes","no","yes","no","no","no","no","no","no","yes","no","yes","no","no","no","yes","no","no","yes","no","no","no","yes","no","no","yes","no","no","no","no","yes","test","male","urban","technology and information systems"
"2149","1",1,4,4,4,1,1,1,1,1,5,1,5,1,5,5,1,5,5,5,5,5,5,1,1,5,1,1,5,1,1,1,1,1,1,1,1,1,1,1,1,1,1,1,1,1,1,1,1,1,1,1,1,1,1,1,1,"no","no","yes","yes","yes","yes","yes","no","no","yes","no","no","no","no","no","no","yes","no","no","no","yes","no","no","yes","yes","no","no","yes","no","no","no","no","no","no","yes","no","yes","no","no","no","yes","no","no","no","yes","yes","no","no","no","no","no","yes","no","no","yes","no","no","no","no","yes","test","male","urban","technology and information systems"
"2150","1",2,5,5,5,2,2,2,2,2,4,2,4,2,4,4,2,4,4,4,4,4,4,2,2,4,2,2,4,2,2,5,5,5,5,5,5,5,5,5,5,5,5,5,5,5,5,5,5,5,5,5,5,5,5,5,5,"yes","no","no","yes","no","yes","yes","no","no","yes","no","no","no","no","yes","yes","no","no","no","no","no","no","no","yes","yes","no","no","yes","no","no","no","yes","no","no","yes","no","yes","no","no","no","yes","no","no","no","yes","no","no","no","no","no","yes","no","no","yes","no","no","yes","no","no","yes","test","female","urban","technology and information systems"
"2151","1",1,2,4,4,1,4,4,1,1,1,1,4,2,4,4,1,1,4,1,4,4,4,2,5,5,1,5,4,1,1,1,3,4,1,1,1,1,1,1,1,1,1,1,1,1,1,1,1,1,1,1,1,1,1,1,1,"no","yes","no","yes","yes","no","no","no","no","no","no","yes","no","no","no","no","yes","no","no","no","no","no","yes","no","no","no","no","no","yes","no","no","no","no","no","no","no","no","yes","no","no","no","no","no","yes","no","no","no","yes","no","no","no","yes","no","no","no","no","no","no","no","no","test","male","urban","technology and information systems"
"2152","1",1,4,4,5,1,1,1,1,5,1,5,5,1,5,1,5,4,1,4,1,1,5,1,1,1,1,1,5,5,5,5,5,1,3,1,2,5,2,4,1,5,4,2,3,2,3,4,2,1,2,3,5,4,5,1,2,"no","no","no","yes","no","yes","yes","no","no","yes","no","no","no","yes","no","no","no","yes","no","no","yes","no","no","yes","yes","no","no","yes","no","no","no","no","no","no","no","yes","yes","no","no","no","yes","no","no","no","yes","yes","no","no","yes","no","no","no","no","no","yes","no","no","no","no","yes","test","male","urban","technology and information systems"
"2153","1",1,4,4,1,4,1,1,1,1,5,1,4,4,1,4,1,4,4,5,4,4,4,4,1,4,1,1,4,1,1,4,5,5,5,3,5,5,5,3,5,5,5,1,5,1,5,4,5,5,5,5,5,2,3,5,3,"no","no","yes","yes","yes","no","yes","no","no","yes","no","no","no","no","no","no","yes","no","no","no","yes","no","yes","no","no","no","yes","no","no","no","yes","no","no","yes","no","no","no","no","yes","no","yes","no","yes","no","no","no","yes","no","no","no","no","yes","no","no","no","no","yes","no","yes","no","test","male","rural","technology and information systems"
"2154","1",2,2,4,1,4,5,5,1,1,1,1,4,5,1,4,2,2,4,1,4,4,4,4,4,4,1,4,4,1,1,1,3,4,2,1,1,5,2,1,5,2,2,1,1,4,2,3,3,5,4,1,4,2,1,2,1,"no","yes","no","no","yes","yes","no","no","no","no","yes","no","no","no","no","yes","no","no","no","no","no","no","no","yes","yes","no","no","no","no","yes","no","no","no","no","yes","no","yes","no","no","no","yes","no","no","no","no","yes","no","no","no","no","no","no","yes","no","yes","no","no","yes","no","yes","test","male","urban","technology and information systems"
"2155","1",1,1,4,1,4,4,4,1,5,1,5,4,4,1,1,4,1,1,1,1,1,5,4,4,1,1,4,1,4,4,1,2,1,1,1,2,1,5,1,1,1,1,1,1,1,5,5,5,5,5,1,1,1,1,1,5,"no","no","yes","yes","no","yes","yes","no","no","no","no","no","no","no","yes","no","yes","no","no","no","yes","no","no","no","yes","no","no","yes","no","no","no","yes","no","no","no","no","no","no","no","no","yes","no","no","no","yes","no","no","yes","no","yes","no","yes","no","no","no","yes","no","yes","no","no","test","male","urban","technology and information systems"
"2156","1",1,4,4,1,4,1,1,1,5,5,5,4,4,1,1,4,4,1,4,1,1,5,4,1,1,1,1,1,4,4,1,2,1,1,1,2,1,5,1,3,1,5,1,5,1,5,1,1,1,5,1,5,1,5,1,5,"yes","no","no","yes","yes","no","no","no","yes","yes","no","no","no","no","no","no","no","yes","no","no","no","no","no","yes","no","yes","no","no","yes","no","no","no","yes","no","yes","no","yes","no","no","no","yes","no","no","yes","no","yes","no","no","no","no","no","no","yes","no","yes","no","no","no","yes","no","test","female","rural","technology and information systems"
"2157","1",4,4,1,1,4,1,1,4,1,4,1,1,4,1,4,1,4,4,4,4,4,1,4,1,4,4,1,4,1,1,1,1,2,2,2,2,2,2,2,3,3,3,3,3,3,3,3,3,3,3,3,3,3,3,3,3,"no","no","yes","yes","yes","yes","yes","no","no","yes","no","no","yes","no","no","no","yes","no","no","no","yes","no","yes","no","yes","no","no","yes","no","no","no","no","no","yes","no","no","no","yes","no","no","yes","no","no","no","yes","no","no","no","no","no","yes","no","no","yes","no","no","yes","no","no","yes","test","male","urban","technology and information systems"
"2158","1",1,4,4,4,1,1,1,1,1,5,1,5,1,5,5,1,5,5,5,5,5,5,1,1,5,1,1,5,1,1,1,1,1,1,1,1,1,1,1,1,1,1,1,1,1,1,1,1,1,1,1,1,1,1,1,1,"no","no","yes","no","no","no","yes","no","no","yes","no","no","no","no","no","no","yes","no","no","yes","no","no","no","yes","yes","no","no","yes","no","no","no","no","no","no","yes","no","yes","no","no","no","yes","no","no","no","yes","yes","no","no","no","no","no","yes","no","no","yes","no","no","yes","yes","yes","test","male","urban","real estate and property"
"2159","1",2,5,5,5,2,2,2,2,2,4,2,4,2,4,4,2,4,4,4,4,4,4,2,2,4,2,2,4,2,2,5,5,5,5,2,5,5,2,5,5,5,5,2,5,5,5,5,5,5,5,5,5,5,5,5,5,"yes","no","no","no","no","no","yes","no","no","no","yes","no","no","no","yes","no","yes","no","no","no","yes","no","no","yes","yes","no","no","yes","no","no","no","yes","no","no","yes","no","yes","no","no","no","yes","no","no","no","yes","no","no","no","no","no","yes","no","no","yes","no","no","yes","no","yes","yes","test","male","rural","real estate and property"
"2160","1",1,2,4,4,1,4,4,1,1,1,1,4,1,4,4,1,1,4,1,4,4,4,2,5,5,1,5,4,1,1,1,3,4,3,1,1,1,1,1,1,1,1,1,1,1,1,1,1,1,1,1,1,1,1,1,1,"no","no","no","no","yes","no","no","yes","no","no","no","yes","no","no","no","no","yes","no","yes","no","no","no","yes","no","no","no","no","no","yes","no","no","no","no","no","no","no","no","yes","no","no","no","no","no","yes","no","no","no","yes","no","no","no","yes","no","no","no","no","no","yes","no","yes","test","male","urban","real estate and property"
"2161","1",2,4,3,5,1,2,1,3,1,4,1,3,2,5,1,3,4,1,2,1,2,3,1,2,1,3,1,1,5,4,5,2,1,2,1,3,4,2,3,1,5,4,2,3,2,3,4,2,1,2,3,5,4,5,1,2,"no","no","yes","no","no","yes","yes","no","no","yes","no","no","no","yes","no","no","no","yes","no","no","yes","no","no","yes","yes","no","no","yes","no","no","no","no","no","no","no","yes","yes","no","no","no","yes","no","no","no","yes","yes","no","no","yes","no","no","no","no","no","yes","no","no","yes","yes","yes","test","female","urban","real estate and property"
"2162","1",1,4,4,1,4,1,1,1,1,5,1,4,4,1,4,1,4,4,5,4,4,4,4,1,3,1,1,4,1,1,4,5,5,5,3,5,5,5,3,5,5,5,1,5,1,5,4,5,5,5,3,5,2,3,5,3,"no","no","yes","no","yes","no","yes","no","no","yes","no","no","no","no","no","no","yes","no","no","no","yes","no","yes","no","no","no","yes","no","no","no","yes","no","no","yes","no","no","no","no","yes","no","yes","no","yes","no","no","no","yes","no","no","no","no","yes","no","no","no","no","yes","no","yes","yes","test","male","rural","real estate and property"
"2163","1",2,2,4,1,4,5,5,1,1,1,1,4,5,1,4,2,2,4,1,4,4,4,4,4,4,1,4,4,1,1,1,3,4,2,1,1,5,2,1,5,2,2,1,1,4,2,3,3,5,4,1,4,2,1,2,1,"no","yes","no","no","yes","no","no","no","no","no","yes","no","no","no","no","yes","no","no","yes","no","no","no","no","yes","yes","no","no","no","no","yes","no","no","no","no","yes","no","yes","no","no","no","yes","no","no","no","no","yes","no","no","no","no","no","no","yes","no","yes","no","no","yes","yes","yes","test","male","urban","real estate and property"
"2164","1",1,1,4,1,4,4,4,1,5,1,5,4,4,1,1,4,1,1,1,1,3,5,4,4,1,1,4,1,4,4,1,2,1,1,1,2,1,5,1,1,1,1,1,1,1,5,5,1,5,5,1,1,1,1,1,5,"no","no","yes","no","no","no","yes","no","no","yes","no","no","no","no","yes","no","yes","no","no","yes","no","no","no","no","yes","no","no","yes","no","no","no","yes","no","no","no","no","no","no","no","no","yes","no","no","no","yes","no","no","yes","no","yes","no","yes","no","no","no","yes","no","yes","yes","yes","test","male","rural","real estate and property"
"2165","1",5,4,4,1,4,1,1,1,5,3,5,4,4,1,1,4,4,3,4,1,1,5,4,1,1,1,1,1,4,4,1,2,1,1,1,2,1,5,1,3,1,5,1,5,1,5,1,1,1,5,1,5,1,5,1,5,"yes","no","no","no","yes","no","no","no","yes","no","no","no","no","no","no","no","no","yes","no","no","no","no","no","yes","no","yes","no","no","yes","no","no","no","yes","no","yes","no","yes","no","no","no","yes","no","no","yes","no","yes","no","no","no","no","no","no","yes","no","yes","no","no","no","yes","yes","test","female","rural","real estate and property"
"2166","1",3,4,1,1,4,1,1,4,1,4,1,1,4,5,4,1,2,4,4,4,4,1,4,1,4,4,1,4,1,1,1,1,2,2,2,2,2,2,2,3,3,3,5,3,3,3,3,3,3,3,3,3,3,3,3,3,"no","no","yes","no","no","no","yes","no","no","yes","no","no","yes","no","no","no","yes","no","no","no","yes","no","yes","no","yes","no","no","yes","no","no","no","no","no","yes","no","no","no","yes","no","no","yes","no","no","no","yes","no","no","no","no","no","yes","no","no","yes","no","no","yes","yes","yes","yes","test","male","urban","real estate and property"
"2167","1",4,1,1,5,4,4,4,4,1,1,1,1,4,1,4,1,1,4,1,4,4,1,4,4,4,4,3,4,1,1,1,1,1,2,2,2,2,2,2,4,4,4,4,4,4,4,2,4,4,4,4,4,4,4,4,4,"no","yes","no","no","yes","no","no","yes","no","no","no","yes","no","no","no","no","no","no","yes","no","no","no","no","yes","no","no","no","no","no","no","no","yes","no","no","no","yes","yes","no","no","no","yes","no","yes","no","no","yes","no","no","no","no","no","yes","no","no","yes","no","no","yes","yes","yes","test","male","rural","real estate and property"
"2168","1",2,3,5,3,2,2,5,2,2,4,2,4,2,4,4,2,4,4,4,4,4,4,2,2,4,2,2,4,2,2,5,5,5,5,5,5,5,2,5,5,5,5,5,5,5,5,5,5,5,5,5,5,5,5,5,5,"yes","no","no","yes","no","no","yes","no","no","yes","no","no","no","no","yes","no","yes","no","no","no","no","no","no","yes","no","no","yes","yes","no","no","no","yes","no","no","yes","no","yes","no","no","no","yes","no","no","no","yes","no","no","no","no","no","yes","no","no","yes","no","yes","no","no","yes","yes","test","female","urban","real estate and property"
"2169","1",1,2,4,4,1,4,4,1,1,1,1,4,2,4,4,1,1,4,1,4,4,4,2,5,5,1,5,4,3,1,1,3,4,1,1,1,1,1,1,1,1,1,1,1,1,1,1,1,1,2,1,3,1,1,1,1,"no","yes","no","no","yes","no","no","no","no","no","no","yes","no","no","no","no","yes","no","yes","no","no","no","yes","no","no","no","no","no","yes","no","no","no","no","no","no","no","no","yes","no","no","no","no","no","yes","no","no","no","yes","no","no","no","yes","no","no","no","no","no","yes","yes","yes","test","male","rural","real estate and property"
"2170","1",1,4,4,5,1,1,1,4,5,3,5,5,1,5,1,5,4,1,4,1,1,5,1,1,1,1,1,5,5,5,5,5,1,3,1,2,5,2,4,1,5,4,2,3,2,3,4,2,1,2,3,5,4,5,1,2,"no","no","no","no","no","no","yes","no","no","yes","no","no","no","yes","no","no","no","yes","no","yes","no","no","no","yes","yes","no","no","yes","no","no","no","no","no","no","no","yes","yes","no","no","no","yes","no","no","no","yes","yes","no","no","yes","no","no","no","no","no","yes","no","no","no","yes","yes","test","male","urban","real estate and property"
"2171","1",1,4,4,1,4,1,1,1,1,5,1,4,4,1,4,1,4,4,5,4,4,4,4,1,4,1,1,4,1,1,3,5,5,5,3,5,5,5,1,5,5,5,1,5,1,5,4,5,5,5,5,5,2,3,5,3,"no","no","yes","no","yes","no","yes","no","no","yes","no","no","no","no","no","no","yes","no","no","no","yes","no","yes","no","no","no","yes","no","no","no","yes","no","no","yes","no","no","no","no","yes","no","yes","no","yes","no","no","no","yes","no","no","no","no","yes","no","no","no","no","yes","yes","yes","yes","test","female","urban","real estate and property"
"2172","1",2,2,4,1,4,5,2,3,1,1,1,3,5,1,4,2,2,4,1,4,4,4,4,4,4,1,4,4,1,1,1,3,4,2,1,2,5,2,1,3,2,2,1,1,4,2,3,3,5,4,1,4,2,4,2,1,"no","yes","no","no","yes","no","no","no","no","no","yes","no","no","no","no","yes","no","no","no","no","no","no","no","yes","yes","no","no","no","no","yes","no","no","no","no","yes","no","yes","no","no","no","yes","no","no","no","no","yes","no","no","no","no","no","no","yes","no","yes","no","no","yes","no","yes","test","male","urban","real estate and property"
"2173","1",1,2,4,4,1,4,4,1,1,1,1,4,1,4,4,1,1,4,1,4,4,4,2,5,5,1,5,4,1,1,1,3,4,1,1,1,1,1,1,1,1,1,1,1,1,1,1,1,1,1,1,1,1,1,1,1,"no","yes","no","no","yes","no","no","no","no","no","no","yes","no","no","no","no","yes","no","no","yes","no","no","yes","no","no","no","no","no","yes","no","no","no","no","no","no","no","no","yes","no","no","no","no","no","yes","no","no","no","yes","no","no","no","yes","yes","yes","no","yes","no","yes","no","no","test","male","rural","manufacturing and production"
"2174","1",1,4,4,5,1,1,1,1,5,1,5,5,1,5,1,5,4,1,4,1,1,5,1,1,1,1,1,5,5,5,5,5,1,3,1,2,5,2,4,1,5,4,2,3,2,3,4,2,1,2,3,5,4,5,1,2,"no","no","no","no","no","no","yes","no","no","yes","no","no","no","yes","no","no","no","yes","no","no","yes","no","no","yes","yes","no","no","yes","no","no","no","no","no","no","no","yes","yes","no","no","no","yes","no","no","no","yes","yes","no","no","yes","no","no","no","yes","yes","yes","no","no","no","yes","no","test","male","rural","manufacturing and production"
"2175","1",1,4,4,1,4,1,1,1,1,5,1,4,4,1,4,1,4,4,5,4,4,4,4,1,4,1,1,4,1,1,4,5,5,5,3,5,5,5,3,5,5,5,1,5,1,5,4,5,5,5,5,5,2,3,5,3,"no","no","yes","no","yes","no","yes","no","no","yes","no","no","no","no","no","no","yes","no","yes","no","no","no","yes","no","no","no","yes","no","no","no","yes","no","no","yes","no","no","no","no","yes","no","yes","no","yes","no","no","no","yes","no","no","no","no","yes","yes","no","no","no","yes","no","yes","no","test","male","rural","manufacturing and production"
"2176","1",2,2,4,1,4,5,5,1,1,1,1,4,5,1,4,2,2,4,1,4,4,4,4,3,4,1,3,4,1,1,1,3,4,2,1,1,5,2,1,5,2,2,1,1,4,2,3,3,5,4,1,4,2,1,2,1,"no","yes","no","no","no","yes","no","no","no","no","yes","no","no","no","no","yes","no","no","yes","no","no","no","no","yes","yes","no","no","no","no","yes","no","no","no","no","yes","no","yes","no","no","no","yes","no","no","no","no","yes","no","no","no","no","no","yes","yes","yes","yes","no","no","yes","no","no","test","male","rural","manufacturing and production"
"2177","1",4,1,1,4,1,4,4,4,1,1,1,1,1,4,4,1,1,4,1,4,4,1,1,4,4,4,4,4,1,1,1,1,1,1,2,1,2,1,2,1,1,2,2,1,1,3,4,3,5,5,2,2,1,2,3,4,"yes","no","no","no","no","yes","no","no","yes","yes","no","no","no","yes","no","yes","no","no","no","no","yes","no","no","yes","no","yes","no","no","yes","no","no","no","yes","yes","no","no","no","yes","no","no","yes","no","no","yes","no","yes","no","no","no","no","no","yes","yes","yes","no","no","yes","no","no","no","test","male","urban","manufacturing and production"
"2178","1",4,1,1,4,1,4,4,4,4,1,4,1,1,4,1,4,1,1,1,1,1,1,2,4,1,4,4,1,4,4,1,1,1,1,1,1,1,1,1,1,2,3,4,5,1,2,3,4,2,3,1,2,3,4,2,3,"no","no","yes","yes","no","no","yes","no","no","no","yes","no","no","no","no","no","yes","no","yes","no","no","no","no","no","yes","no","no","yes","no","no","no","no","no","no","yes","no","yes","no","no","no","yes","no","yes","no","no","no","no","no","no","yes","no","yes","yes","no","no","no","no","no","yes","no","test","female","rural","manufacturing and production"
"2179","1",4,4,1,4,1,1,1,4,4,4,4,1,1,4,1,4,4,1,4,1,1,1,1,1,1,4,1,1,4,4,1,1,1,2,2,2,2,5,2,4,1,2,3,4,3,5,1,2,3,4,4,2,2,2,2,2,"no","yes","no","no","yes","no","no","yes","no","no","no","yes","no","no","no","no","no","no","no","no","no","yes","no","no","no","no","yes","no","no","yes","no","yes","no","no","no","no","no","no","yes","no","yes","no","no","no","yes","no","no","yes","no","no","no","yes","yes","no","yes","no","no","no","no","yes","test","male","rural","manufacturing and production"
"2180","1",1,4,4,5,1,1,1,1,5,1,5,5,1,5,1,5,4,1,4,1,1,5,1,1,1,1,1,5,5,5,5,5,1,3,1,2,5,2,4,1,5,4,2,3,2,3,4,2,1,2,3,5,4,5,1,2,"no","no","no","no","no","no","yes","no","no","yes","no","no","no","yes","no","no","no","yes","no","no","no","no","no","yes","yes","no","no","yes","no","no","no","no","no","no","no","yes","yes","no","no","no","yes","no","no","no","yes","yes","no","no","yes","no","no","yes","no","yes","yes","no","no","no","no","yes","test","male","urban","manufacturing and production"
"2181","1",1,4,4,1,4,1,1,1,1,5,1,4,4,1,4,1,4,4,5,4,4,4,4,1,4,1,1,4,1,1,4,5,5,5,3,2,5,5,3,5,5,5,1,5,1,5,4,5,5,5,5,5,2,3,5,3,"no","no","yes","no","yes","no","yes","no","no","yes","no","no","no","no","no","no","yes","no","yes","no","no","no","yes","no","no","no","yes","no","no","no","yes","no","no","yes","no","no","no","no","yes","no","yes","no","yes","no","no","no","yes","no","no","no","no","yes","yes","no","no","no","yes","no","no","no","test","male","rural","manufacturing and production"
"2182","1",4,4,1,1,4,1,1,4,1,4,1,1,4,1,4,1,4,4,4,4,4,1,1,1,4,3,1,4,1,1,1,1,2,2,2,2,2,4,2,3,3,3,3,3,3,3,3,3,3,3,3,3,3,3,3,3,"no","no","yes","no","no","no","yes","no","no","yes","no","no","yes","no","no","no","yes","no","yes","no","no","no","yes","no","yes","no","no","yes","no","no","no","no","no","yes","no","no","no","yes","no","no","yes","no","no","no","yes","no","no","no","no","no","yes","no","yes","yes","no","no","yes","no","no","yes","test","male","urban","manufacturing and production"
"2183","1",2,2,4,1,4,5,5,1,1,1,1,4,5,1,4,2,2,4,1,4,4,4,4,4,3,1,4,4,1,1,1,3,4,2,1,1,5,2,1,5,2,2,1,1,4,2,3,3,5,4,1,4,2,1,2,1,"no","yes","no","no","no","yes","no","no","no","no","yes","no","no","no","no","yes","no","no","yes","no","no","no","no","yes","yes","no","no","no","no","yes","no","no","no","no","yes","no","yes","no","no","no","yes","no","no","no","no","yes","no","no","no","no","no","yes","yes","yes","yes","no","no","no","no","yes","test","male","rural","manufacturing and production"
"2184","1",4,1,1,4,1,4,4,4,1,1,1,1,1,4,4,1,1,4,1,4,4,1,1,4,4,4,3,4,1,1,1,1,1,1,2,5,2,1,2,1,1,2,2,1,1,3,4,3,5,5,2,2,1,2,3,4,"yes","no","no","no","no","yes","no","no","yes","yes","no","no","no","yes","no","yes","no","no","no","no","no","no","no","yes","no","yes","no","no","yes","no","no","no","yes","yes","no","no","no","yes","no","no","yes","no","no","yes","no","yes","no","no","no","no","no","yes","yes","yes","no","no","yes","no","no","no","test","male","urban","manufacturing and production"
"2185","1",3,1,1,4,1,4,4,4,4,1,4,1,1,4,1,4,1,1,1,1,1,1,3,4,1,4,4,1,4,4,1,1,5,1,1,1,1,1,1,1,2,3,4,5,1,2,3,4,2,3,1,2,3,4,2,3,"no","no","yes","yes","no","no","yes","no","no","no","yes","no","no","no","no","no","yes","no","no","yes","no","no","no","no","yes","no","no","yes","no","no","no","no","no","no","yes","no","yes","no","no","no","yes","no","yes","no","no","no","no","no","no","yes","no","yes","yes","yes","no","no","no","no","yes","no","test","female","rural","manufacturing and production"
"2186","1",1,4,1,4,1,1,2,4,4,4,4,1,1,4,1,4,4,1,4,1,1,1,1,1,5,4,1,1,4,4,1,1,1,2,2,2,2,2,2,4,1,2,3,4,4,5,1,2,3,4,4,2,2,2,2,2,"no","yes","no","no","yes","no","no","yes","no","no","no","yes","no","no","no","no","no","no","no","no","yes","yes","no","no","no","no","yes","no","no","yes","no","yes","no","no","no","no","no","no","yes","no","yes","no","no","no","yes","no","no","yes","no","no","no","yes","no","yes","yes","no","no","no","no","yes","test","male","urban","manufacturing and production"
"2187","1",4,4,4,3,1,1,3,1,5,1,1,5,1,5,1,5,4,1,4,1,4,5,2,1,1,1,1,5,5,1,5,5,1,3,1,2,1,2,4,1,5,1,2,3,2,3,4,2,1,2,3,5,4,5,1,2,"no","no","no","no","no","no","yes","no","no","yes","no","no","no","yes","no","no","no","yes","no","no","no","no","no","yes","yes","no","no","yes","no","no","no","no","no","no","no","yes","yes","no","no","no","yes","no","no","no","yes","yes","no","no","yes","no","no","yes","yes","no","yes","no","no","no","no","yes","test","male","urban","manufacturing and production"
"2188","1",2,2,4,1,4,5,5,1,1,1,1,4,2,1,4,2,2,4,1,1,4,4,1,4,3,1,4,4,1,1,1,3,4,2,1,3,5,2,1,5,2,2,1,1,4,2,3,3,5,4,1,4,2,1,2,1,"no","yes","no","no","no","yes","no","no","no","no","yes","no","no","no","no","yes","no","no","yes","no","no","no","no","yes","yes","no","no","no","no","yes","no","no","no","no","yes","no","yes","no","no","no","yes","no","no","no","no","yes","no","no","no","no","no","yes","yes","no","yes","no","no","no","no","yes","test","male","urban","manufacturing and production"
"2189","1",4,1,1,4,1,4,4,4,1,1,1,1,1,4,4,1,1,4,1,4,4,1,1,4,4,4,4,4,1,1,1,1,3,1,2,1,2,1,2,1,1,2,2,1,1,3,4,3,5,5,2,2,1,2,3,4,"yes","no","no","no","no","yes","no","no","yes","yes","no","no","no","yes","no","yes","no","no","no","no","no","no","no","yes","no","yes","no","no","yes","no","no","no","yes","yes","no","no","no","yes","no","no","yes","no","no","yes","no","yes","no","no","no","no","no","yes","yes","yes","no","no","yes","no","no","no","test","male","urban","manufacturing and production"
