"id","user_id","mq1","mq2","mq3","mq4","mq5","mq6","mq7","mq8","mq9","mq10","mq11","mq12","mq13","mq14","mq15","mq16","mq17","mq18","mq19","mq20","mq21","mq22","mq23","mq24","mq25","mq26","mq27","mq28","mq29","mq30","lq1","lq2","lq3","lq4","lq5","lq6","lq7","lq8","lq9","lq10","lq11","lq12","lq13","lq14","lq15","lq16","lq17","lq18","lq19","lq20","lq21","lq22","lq23","lq24","lq25","lq26","cq1","cq2","cq3","cq4","cq5","cq6","cq7","cq8","cq9","cq10","cq11","cq12","cq13","cq14","cq15","cq16","cq17","cq18","cq19","cq20","cq21","cq22","cq23","cq24","cq25","cq26","cq27","cq28","cq29","cq30","cq31","cq32","cq33","cq34","cq35","cq36","cq37","cq38","cq39","cq40","cq41","cq42","cq43","cq44","cq45","cq46","cq47","cq48","cq49","cq50","cq51","cq52","cq53","cq54","cq55","cq56","cq57","cq58","cq59","cq60","name","gender","location","profession"
"1","1",2,5,5,5,4,1,2,1,3,1,5,2,5,1,4,3,2,4,1,5,1,1,3,4,4,2,4,5,2,1,1,5,5,3,2,3,5,3,5,1,1,3,1,2,1,5,3,3,1,5,3,4,4,3,5,3,"no","no","no","yes","yes","no","yes","no","yes","no","yes","no","no","no","no","no","yes","yes","no","no","yes","yes","yes","yes","no","no","no","yes","no","no","yes","no","yes","yes","yes","no","no","no","yes","yes","no","yes","no","yes","no","yes","no","no","no","no","yes","yes","no","no","no","no","yes","no","no","no","John","male","rural","Transportation and Logistics"
"2","2",2,3,4,5,1,4,1,5,4,5,1,4,5,4,3,2,5,3,2,4,4,2,1,4,3,1,5,1,5,3,5,4,5,2,4,2,1,1,5,4,1,2,2,1,4,2,5,1,4,3,4,3,1,2,3,4,"no","no","yes","no","yes","yes","yes","yes","no","yes","yes","yes","no","yes","no","yes","no","no","no","no","no","yes","yes","yes","no","yes","yes","yes","no","yes","yes","no","yes","yes","no","yes","yes","yes","no","yes","yes","no","no","yes","no","no","yes","yes","yes","no","no","no","yes","yes","no","yes","yes","no","no","no","John","others","rural","Healthcare and Medicine"
"3","3",4,3,2,4,5,3,1,3,2,3,5,4,3,5,5,3,4,2,5,1,1,4,2,3,1,2,2,2,1,5,4,5,3,1,4,5,2,1,1,1,4,4,5,4,2,2,3,3,2,1,4,4,2,1,1,2,"yes","no","no","yes","no","yes","no","yes","yes","yes","no","yes","yes","yes","no","yes","no","no","no","no","no","yes","yes","no","no","yes","yes","no","yes","yes","yes","no","yes","yes","yes","no","yes","no","no","no","no","yes","no","yes","no","yes","yes","yes","no","yes","yes","no","yes","yes","yes","yes","yes","yes","yes","yes","John","female","rural","Legal and Law Enforcement"
"4","4",5,4,5,5,3,5,2,1,5,2,1,1,3,3,2,3,4,2,5,4,3,2,4,5,3,5,2,5,3,5,4,2,3,2,1,1,5,2,4,1,4,3,2,2,3,2,2,1,1,4,5,5,4,5,3,1,"yes","no","no","yes","yes","no","no","no","no","yes","yes","yes","no","yes","no","no","yes","yes","yes","no","yes","no","no","no","no","yes","no","yes","no","no","yes","yes","yes","no","yes","yes","yes","no","no","no","no","yes","no","yes","yes","no","no","yes","no","no","no","yes","no","no","no","yes","no","no","no","no","John","others","rural","Education and Training"
"5","5",2,4,1,5,3,1,1,2,4,1,3,2,2,5,1,2,4,4,2,2,3,4,3,4,5,3,5,5,1,1,5,1,4,2,1,4,1,5,3,1,1,1,3,2,2,4,3,1,1,2,5,3,3,1,1,4,"yes","no","yes","yes","yes","no","yes","yes","yes","yes","no","yes","no","yes","yes","no","yes","no","no","yes","yes","yes","no","no","no","no","no","no","no","yes","yes","yes","no","yes","yes","no","yes","yes","yes","yes","no","no","no","yes","no","no","no","no","yes","no","no","no","yes","no","yes","yes","no","yes","no","no","John","male","urban","Real Estate and Property"
